log_id,user_id,action_type,reference_id,server_response,error_message,action_timestamp
1,,first_visit,,success,,2023-01-01 11:20:16
2,,first_visit,,success,,2023-01-01 07:00:23
3,,first_visit,,success,,2023-01-01 01:40:15
4,,first_visit,,success,,2023-01-01 18:44:22
5,,first_visit,,success,,2023-01-01 17:57:51
6,,first_visit,,success,,2023-01-01 08:38:27
7,,first_visit,,success,,2023-01-01 08:05:55
8,,first_visit,,success,,2023-01-01 08:39:20
9,,first_visit,,success,,2023-01-01 03:04:42
10,1,registration,1,success,,2023-01-01 21:39:26
11,2,registration,2,success,,2023-01-01 17:58:05
12,3,registration,3,success,,2023-01-01 17:08:46
13,4,registration,4,success,,2023-01-01 10:14:36
14,5,registration,5,success,,2023-01-01 02:21:29
15,3,login,,success,,2023-01-01 17:57:27
16,2,login,,success,,2023-01-01 01:08:20
17,5,login,,success,,2023-01-01 05:27:03
18,2,login,,success,,2023-01-01 03:47:46
19,1,login,,success,,2023-01-01 06:36:22
20,3,login,,success,,2023-01-01 04:40:03
21,1,login,,success,,2023-01-01 06:19:32
22,1,login,,success,,2023-01-01 03:17:49
23,2,login,,success,,2023-01-01 02:31:07
24,2,logout,,success,,2023-01-01 13:01:08
25,4,logout,,success,,2023-01-01 09:47:35
26,3,logout,,success,,2023-01-01 19:23:00
27,5,logout,,success,,2023-01-01 09:25:36
28,2,logout,,success,,2023-01-01 23:58:38
29,5,logout,,success,,2023-01-01 08:55:18
30,4,logout,,success,,2023-01-01 13:16:34
31,1,logout,,success,,2023-01-01 06:26:57
32,1,logout,,success,,2023-01-01 06:02:24
33,1,logout,,success,,2023-01-01 09:07:21
34,1,create_topic,1,success,,2023-01-01 11:49:32
35,3,create_topic,2,success,,2023-01-01 12:19:26
36,2,create_topic,3,success,,2023-01-01 23:35:44
37,1,create_topic,4,success,,2023-01-01 07:57:31
38,,create_topic,,error,User not logged in,2023-01-01 09:14:46
39,,create_topic,,error,User not logged in,2023-01-01 06:18:49
40,3,enter_topic,,success,,2023-01-01 13:47:02
41,1,enter_topic,,success,,2023-01-01 09:12:56
42,4,enter_topic,,success,,2023-01-01 16:58:39
43,3,enter_topic,,success,,2023-01-01 17:28:24
44,1,enter_topic,,success,,2023-01-01 05:32:19
45,3,delete_topic,,success,,2023-01-01 10:54:07
46,3,delete_topic,,success,,2023-01-01 04:29:36
47,5,delete_topic,,success,,2023-01-01 02:05:39
48,3,delete_topic,,success,,2023-01-01 13:57:37
49,5,delete_topic,,success,,2023-01-01 21:26:10
50,3,delete_topic,,success,,2023-01-01 01:12:07
51,3,delete_topic,,success,,2023-01-01 00:34:48
52,5,delete_topic,,success,,2023-01-01 15:35:06
53,4,delete_topic,,success,,2023-01-01 05:14:12
54,,write_message,1,success,,2023-01-01 21:42:40
55,,write_message,2,success,,2023-01-01 04:18:21
56,,write_message,3,success,,2023-01-01 21:06:02
57,,write_message,4,success,,2023-01-01 10:27:49
58,1,write_message,5,success,,2023-01-01 07:53:35
59,,first_visit,,success,,2023-01-02 12:48:29
60,,first_visit,,success,,2023-01-02 16:14:43
61,,first_visit,,success,,2023-01-02 07:05:48
62,,first_visit,,success,,2023-01-02 07:59:46
63,,first_visit,,success,,2023-01-02 02:33:09
64,,first_visit,,success,,2023-01-02 14:45:06
65,,first_visit,,success,,2023-01-02 01:46:23
66,,first_visit,,success,,2023-01-02 06:11:25
67,,first_visit,,success,,2023-01-02 21:37:09
68,6,registration,6,success,,2023-01-02 18:50:36
69,7,registration,7,success,,2023-01-02 23:32:18
70,8,registration,8,success,,2023-01-02 14:03:41
71,9,registration,9,success,,2023-01-02 22:45:26
72,10,registration,10,success,,2023-01-02 05:47:45
73,11,registration,11,success,,2023-01-02 01:12:34
74,12,registration,12,success,,2023-01-02 15:51:27
75,4,login,,success,,2023-01-02 23:26:00
76,11,login,,success,,2023-01-02 06:30:43
77,10,login,,success,,2023-01-02 11:17:17
78,7,login,,success,,2023-01-02 04:56:39
79,11,login,,success,,2023-01-02 05:14:05
80,1,login,,success,,2023-01-02 09:09:21
81,8,login,,success,,2023-01-02 07:42:52
82,2,login,,success,,2023-01-02 23:41:30
83,1,login,,success,,2023-01-02 16:42:10
84,11,logout,,success,,2023-01-02 02:58:22
85,8,logout,,success,,2023-01-02 01:07:19
86,2,logout,,success,,2023-01-02 17:51:05
87,6,logout,,success,,2023-01-02 20:36:29
88,1,logout,,success,,2023-01-02 16:48:18
89,4,create_topic,5,success,,2023-01-02 21:04:43
90,6,create_topic,6,success,,2023-01-02 21:50:24
91,9,create_topic,7,success,,2023-01-02 05:19:36
92,7,create_topic,8,success,,2023-01-02 08:33:48
93,10,create_topic,9,success,,2023-01-02 00:35:17
94,5,create_topic,10,success,,2023-01-02 22:22:45
95,9,create_topic,11,success,,2023-01-02 11:26:44
96,11,create_topic,12,success,,2023-01-02 08:38:08
97,,create_topic,,error,User not logged in,2023-01-02 17:20:31
98,,create_topic,,error,User not logged in,2023-01-02 22:10:11
99,12,enter_topic,,success,,2023-01-02 10:25:20
100,11,enter_topic,,success,,2023-01-02 20:41:59
101,8,enter_topic,,success,,2023-01-02 03:03:41
102,7,enter_topic,,success,,2023-01-02 18:18:30
103,3,enter_topic,,success,,2023-01-02 16:48:39
104,8,enter_topic,,success,,2023-01-02 02:52:02
105,5,enter_topic,,success,,2023-01-02 06:18:47
106,9,enter_topic,,success,,2023-01-02 10:09:44
107,2,enter_topic,,success,,2023-01-02 20:33:47
108,3,delete_topic,,success,,2023-01-02 03:14:36
109,12,delete_topic,,success,,2023-01-02 03:22:25
110,3,delete_topic,,success,,2023-01-02 19:08:45
111,10,delete_topic,,success,,2023-01-02 17:01:42
112,11,delete_topic,,success,,2023-01-02 18:16:06
113,2,delete_topic,,success,,2023-01-02 04:00:05
114,8,delete_topic,,success,,2023-01-02 05:02:51
115,10,delete_topic,,success,,2023-01-02 03:18:18
116,11,delete_topic,,success,,2023-01-02 01:48:54
117,6,delete_topic,,success,,2023-01-02 01:57:29
118,6,write_message,6,success,,2023-01-02 10:21:03
119,3,write_message,7,success,,2023-01-02 03:33:22
120,5,write_message,8,success,,2023-01-02 02:06:29
121,,write_message,9,success,,2023-01-02 18:11:54
122,8,write_message,10,success,,2023-01-02 19:49:05
123,,write_message,11,success,,2023-01-02 01:53:08
124,,write_message,12,success,,2023-01-02 14:28:14
125,,write_message,13,success,,2023-01-02 01:12:58
126,,write_message,14,success,,2023-01-02 20:54:06
127,,write_message,15,success,,2023-01-02 07:14:25
128,,first_visit,,success,,2023-01-03 17:57:17
129,,first_visit,,success,,2023-01-03 21:22:18
130,,first_visit,,success,,2023-01-03 10:41:35
131,,first_visit,,success,,2023-01-03 12:29:06
132,,first_visit,,success,,2023-01-03 17:50:20
133,,first_visit,,success,,2023-01-03 23:28:25
134,,first_visit,,success,,2023-01-03 15:18:28
135,,first_visit,,success,,2023-01-03 04:00:30
136,,first_visit,,success,,2023-01-03 20:43:10
137,13,registration,13,success,,2023-01-03 05:42:59
138,14,registration,14,success,,2023-01-03 20:07:39
139,15,registration,15,success,,2023-01-03 16:00:08
140,16,registration,16,success,,2023-01-03 17:37:28
141,17,registration,17,success,,2023-01-03 21:32:35
142,18,registration,18,success,,2023-01-03 23:31:11
143,19,registration,19,success,,2023-01-03 11:44:55
144,20,registration,20,success,,2023-01-03 20:51:24
145,21,registration,21,success,,2023-01-03 15:11:27
146,10,login,,success,,2023-01-03 20:09:06
147,6,login,,success,,2023-01-03 05:44:15
148,7,login,,success,,2023-01-03 12:18:03
149,18,login,,success,,2023-01-03 11:47:07
150,6,login,,success,,2023-01-03 04:39:53
151,19,logout,,success,,2023-01-03 06:02:06
152,20,logout,,success,,2023-01-03 20:02:07
153,12,logout,,success,,2023-01-03 09:17:29
154,7,logout,,success,,2023-01-03 15:13:04
155,15,logout,,success,,2023-01-03 03:58:55
156,21,logout,,success,,2023-01-03 16:56:22
157,17,logout,,success,,2023-01-03 23:09:08
158,8,logout,,success,,2023-01-03 21:07:06
159,3,logout,,success,,2023-01-03 01:13:59
160,17,logout,,success,,2023-01-03 20:27:25
161,3,create_topic,13,success,,2023-01-03 08:46:47
162,13,create_topic,14,success,,2023-01-03 22:20:52
163,1,create_topic,15,success,,2023-01-03 22:18:57
164,2,create_topic,16,success,,2023-01-03 07:07:15
165,,create_topic,,error,User not logged in,2023-01-03 05:46:18
166,,create_topic,,error,User not logged in,2023-01-03 04:37:53
167,19,enter_topic,,success,,2023-01-03 18:45:13
168,18,enter_topic,,success,,2023-01-03 23:56:20
169,7,enter_topic,,success,,2023-01-03 08:06:24
170,8,enter_topic,,success,,2023-01-03 12:24:27
171,2,enter_topic,,success,,2023-01-03 22:51:32
172,15,enter_topic,,success,,2023-01-03 06:26:26
173,14,enter_topic,,success,,2023-01-03 05:45:35
174,8,enter_topic,,success,,2023-01-03 00:18:55
175,10,enter_topic,,success,,2023-01-03 13:08:47
176,1,enter_topic,,success,,2023-01-03 12:12:14
177,1,delete_topic,,success,,2023-01-03 14:42:37
178,21,delete_topic,,success,,2023-01-03 01:06:49
179,9,delete_topic,,success,,2023-01-03 15:36:22
180,14,delete_topic,,success,,2023-01-03 15:21:59
181,17,delete_topic,,success,,2023-01-03 08:03:01
182,3,delete_topic,,success,,2023-01-03 00:04:00
183,6,write_message,16,success,,2023-01-03 00:57:38
184,,write_message,17,success,,2023-01-03 03:07:39
185,,write_message,18,success,,2023-01-03 01:49:01
186,15,write_message,19,success,,2023-01-03 16:13:52
187,6,write_message,20,success,,2023-01-03 09:29:03
188,,write_message,21,success,,2023-01-03 21:34:35
189,17,write_message,22,success,,2023-01-03 01:09:45
190,,write_message,23,success,,2023-01-03 16:55:16
191,,first_visit,,success,,2023-01-04 02:44:24
192,,first_visit,,success,,2023-01-04 08:05:09
193,,first_visit,,success,,2023-01-04 21:16:37
194,,first_visit,,success,,2023-01-04 22:29:13
195,,first_visit,,success,,2023-01-04 02:56:29
196,,first_visit,,success,,2023-01-04 13:36:44
197,,first_visit,,success,,2023-01-04 11:21:40
198,,first_visit,,success,,2023-01-04 03:30:20
199,22,registration,22,success,,2023-01-04 23:30:45
200,23,registration,23,success,,2023-01-04 08:37:47
201,24,registration,24,success,,2023-01-04 20:49:26
202,25,registration,25,success,,2023-01-04 13:43:00
203,26,registration,26,success,,2023-01-04 03:44:07
204,27,registration,27,success,,2023-01-04 04:22:39
205,21,login,,success,,2023-01-04 18:21:48
206,17,login,,success,,2023-01-04 01:59:51
207,17,login,,success,,2023-01-04 23:41:26
208,24,login,,success,,2023-01-04 03:41:43
209,27,login,,success,,2023-01-04 01:44:04
210,18,login,,success,,2023-01-04 23:33:10
211,25,login,,success,,2023-01-04 23:51:58
212,24,login,,success,,2023-01-04 22:00:13
213,3,login,,success,,2023-01-04 10:09:38
214,15,logout,,success,,2023-01-04 18:19:08
215,14,logout,,success,,2023-01-04 15:07:54
216,6,logout,,success,,2023-01-04 01:03:08
217,9,logout,,success,,2023-01-04 17:36:56
218,10,logout,,success,,2023-01-04 23:05:01
219,6,logout,,success,,2023-01-04 20:52:58
220,16,logout,,success,,2023-01-04 15:03:03
221,12,create_topic,17,success,,2023-01-04 06:32:07
222,27,create_topic,18,success,,2023-01-04 18:30:38
223,19,create_topic,19,success,,2023-01-04 13:56:14
224,24,create_topic,20,success,,2023-01-04 11:09:42
225,9,create_topic,21,success,,2023-01-04 06:50:11
226,,create_topic,,error,User not logged in,2023-01-04 17:26:02
227,,create_topic,,error,User not logged in,2023-01-04 17:02:32
228,12,enter_topic,,success,,2023-01-04 12:33:44
229,14,enter_topic,,success,,2023-01-04 01:42:40
230,11,enter_topic,,success,,2023-01-04 12:15:48
231,22,enter_topic,,success,,2023-01-04 20:29:38
232,16,enter_topic,,success,,2023-01-04 17:45:27
233,24,enter_topic,,success,,2023-01-04 08:34:26
234,16,delete_topic,,success,,2023-01-04 19:27:18
235,4,delete_topic,,success,,2023-01-04 06:22:59
236,25,delete_topic,,success,,2023-01-04 14:39:21
237,14,delete_topic,,success,,2023-01-04 23:22:02
238,18,delete_topic,,success,,2023-01-04 04:30:18
239,16,delete_topic,,success,,2023-01-04 02:27:50
240,,write_message,24,success,,2023-01-04 15:22:36
241,18,write_message,25,success,,2023-01-04 04:42:57
242,15,write_message,26,success,,2023-01-04 10:24:13
243,2,write_message,27,success,,2023-01-04 03:19:02
244,25,write_message,28,success,,2023-01-04 17:01:26
245,,write_message,29,success,,2023-01-04 11:09:54
246,,write_message,30,success,,2023-01-04 23:10:16
247,,first_visit,,success,,2023-01-05 14:09:39
248,,first_visit,,success,,2023-01-05 09:26:13
249,,first_visit,,success,,2023-01-05 03:35:06
250,,first_visit,,success,,2023-01-05 21:10:20
251,,first_visit,,success,,2023-01-05 10:50:22
252,,first_visit,,success,,2023-01-05 23:59:34
253,,first_visit,,success,,2023-01-05 01:25:56
254,,first_visit,,success,,2023-01-05 03:34:40
255,28,registration,28,success,,2023-01-05 15:41:36
256,29,registration,29,success,,2023-01-05 13:52:16
257,30,registration,30,success,,2023-01-05 21:31:25
258,31,registration,31,success,,2023-01-05 23:46:51
259,32,registration,32,success,,2023-01-05 03:19:39
260,33,registration,33,success,,2023-01-05 01:32:29
261,6,login,,success,,2023-01-05 12:02:20
262,33,login,,success,,2023-01-05 21:46:20
263,7,login,,success,,2023-01-05 12:38:13
264,7,login,,success,,2023-01-05 21:04:12
265,15,login,,success,,2023-01-05 02:25:16
266,14,logout,,success,,2023-01-05 04:10:35
267,6,logout,,success,,2023-01-05 00:40:17
268,5,logout,,success,,2023-01-05 08:02:57
269,24,logout,,success,,2023-01-05 00:56:27
270,15,logout,,success,,2023-01-05 09:37:48
271,32,logout,,success,,2023-01-05 16:47:46
272,25,logout,,success,,2023-01-05 14:07:44
273,8,create_topic,22,success,,2023-01-05 22:54:10
274,21,create_topic,23,success,,2023-01-05 01:28:07
275,12,create_topic,24,success,,2023-01-05 17:05:30
276,4,create_topic,25,success,,2023-01-05 06:50:35
277,,create_topic,,error,User not logged in,2023-01-05 17:49:58
278,,create_topic,,error,User not logged in,2023-01-05 19:56:28
279,14,enter_topic,,success,,2023-01-05 18:22:15
280,26,enter_topic,,success,,2023-01-05 01:55:42
281,26,enter_topic,,success,,2023-01-05 16:53:18
282,25,enter_topic,,success,,2023-01-05 17:44:43
283,9,enter_topic,,success,,2023-01-05 18:17:49
284,9,enter_topic,,success,,2023-01-05 07:45:42
285,10,delete_topic,,success,,2023-01-05 21:56:31
286,10,delete_topic,,success,,2023-01-05 12:58:56
287,17,delete_topic,,success,,2023-01-05 21:32:50
288,21,delete_topic,,success,,2023-01-05 14:08:10
289,22,delete_topic,,success,,2023-01-05 05:12:15
290,24,delete_topic,,success,,2023-01-05 11:54:26
291,11,delete_topic,,success,,2023-01-05 13:55:07
292,17,delete_topic,,success,,2023-01-05 07:26:45
293,29,delete_topic,,success,,2023-01-05 04:48:12
294,,write_message,31,success,,2023-01-05 05:16:16
295,,write_message,32,success,,2023-01-05 08:39:20
296,5,write_message,33,success,,2023-01-05 14:58:50
297,31,write_message,34,success,,2023-01-05 08:46:39
298,10,write_message,35,success,,2023-01-05 23:34:18
299,,write_message,36,success,,2023-01-05 13:57:45
300,,write_message,37,success,,2023-01-05 15:29:32
301,,first_visit,,success,,2023-01-06 13:25:51
302,,first_visit,,success,,2023-01-06 21:47:22
303,,first_visit,,success,,2023-01-06 16:35:39
304,,first_visit,,success,,2023-01-06 02:24:52
305,,first_visit,,success,,2023-01-06 20:16:11
306,,first_visit,,success,,2023-01-06 08:10:55
307,,first_visit,,success,,2023-01-06 23:15:07
308,,first_visit,,success,,2023-01-06 02:45:02
309,34,registration,34,success,,2023-01-06 16:28:07
310,35,registration,35,success,,2023-01-06 12:36:23
311,36,registration,36,success,,2023-01-06 02:38:45
312,37,registration,37,success,,2023-01-06 10:07:31
313,38,registration,38,success,,2023-01-06 15:29:37
314,39,registration,39,success,,2023-01-06 09:58:28
315,40,registration,40,success,,2023-01-06 16:32:11
316,41,registration,41,success,,2023-01-06 00:24:04
317,29,login,,success,,2023-01-06 00:03:05
318,6,login,,success,,2023-01-06 10:37:03
319,29,login,,success,,2023-01-06 02:01:25
320,4,login,,success,,2023-01-06 06:37:41
321,11,login,,success,,2023-01-06 21:40:55
322,11,login,,success,,2023-01-06 19:12:04
323,26,login,,success,,2023-01-06 02:17:42
324,1,logout,,success,,2023-01-06 05:55:48
325,6,logout,,success,,2023-01-06 07:45:19
326,33,logout,,success,,2023-01-06 10:02:21
327,39,logout,,success,,2023-01-06 09:19:17
328,33,logout,,success,,2023-01-06 05:38:33
329,36,create_topic,26,success,,2023-01-06 02:28:21
330,23,create_topic,27,success,,2023-01-06 04:26:37
331,40,create_topic,28,success,,2023-01-06 20:04:09
332,34,create_topic,29,success,,2023-01-06 23:30:35
333,37,create_topic,30,success,,2023-01-06 09:13:03
334,1,create_topic,31,success,,2023-01-06 14:27:48
335,,create_topic,,error,User not logged in,2023-01-06 00:21:17
336,,create_topic,,error,User not logged in,2023-01-06 00:56:27
337,29,enter_topic,,success,,2023-01-06 10:48:07
338,37,enter_topic,,success,,2023-01-06 05:47:47
339,16,enter_topic,,success,,2023-01-06 13:20:43
340,30,enter_topic,,success,,2023-01-06 08:10:07
341,33,enter_topic,,success,,2023-01-06 02:13:40
342,11,enter_topic,,success,,2023-01-06 04:49:15
343,21,enter_topic,,success,,2023-01-06 03:52:54
344,32,delete_topic,,success,,2023-01-06 01:27:19
345,19,delete_topic,,success,,2023-01-06 05:19:00
346,1,delete_topic,,success,,2023-01-06 17:48:10
347,40,delete_topic,,success,,2023-01-06 19:53:05
348,27,delete_topic,,success,,2023-01-06 07:54:40
349,10,delete_topic,,success,,2023-01-06 01:02:07
350,,write_message,38,success,,2023-01-06 12:29:33
351,4,write_message,39,success,,2023-01-06 06:52:44
352,,write_message,40,success,,2023-01-06 01:05:27
353,5,write_message,41,success,,2023-01-06 05:26:07
354,,write_message,42,success,,2023-01-06 03:37:27
355,,first_visit,,success,,2023-01-07 17:35:50
356,,first_visit,,success,,2023-01-07 07:49:04
357,,first_visit,,success,,2023-01-07 01:10:12
358,,first_visit,,success,,2023-01-07 13:48:29
359,,first_visit,,success,,2023-01-07 19:21:44
360,42,registration,42,success,,2023-01-07 02:20:30
361,43,registration,43,success,,2023-01-07 00:13:02
362,44,registration,44,success,,2023-01-07 03:09:51
363,45,registration,45,success,,2023-01-07 10:51:26
364,46,registration,46,success,,2023-01-07 15:21:17
365,1,login,,success,,2023-01-07 04:36:02
366,15,login,,success,,2023-01-07 23:34:55
367,8,login,,success,,2023-01-07 14:17:41
368,25,login,,success,,2023-01-07 06:56:59
369,45,login,,success,,2023-01-07 18:21:25
370,23,login,,success,,2023-01-07 15:39:14
371,10,login,,success,,2023-01-07 14:39:21
372,35,login,,success,,2023-01-07 03:59:58
373,3,logout,,success,,2023-01-07 10:37:23
374,25,logout,,success,,2023-01-07 10:35:04
375,15,logout,,success,,2023-01-07 19:32:40
376,46,logout,,success,,2023-01-07 23:06:11
377,20,logout,,success,,2023-01-07 02:06:56
378,18,logout,,success,,2023-01-07 12:12:52
379,14,logout,,success,,2023-01-07 22:44:36
380,22,logout,,success,,2023-01-07 16:19:34
381,7,create_topic,32,success,,2023-01-07 08:31:30
382,32,create_topic,33,success,,2023-01-07 20:36:56
383,3,create_topic,34,success,,2023-01-07 17:51:49
384,22,create_topic,35,success,,2023-01-07 01:33:11
385,32,create_topic,36,success,,2023-01-07 12:39:07
386,41,create_topic,37,success,,2023-01-07 09:15:58
387,19,create_topic,38,success,,2023-01-07 10:29:35
388,10,create_topic,39,success,,2023-01-07 23:59:56
389,,create_topic,,error,User not logged in,2023-01-07 20:47:17
390,,create_topic,,error,User not logged in,2023-01-07 20:06:44
391,8,enter_topic,,success,,2023-01-07 10:45:59
392,39,enter_topic,,success,,2023-01-07 08:09:15
393,23,enter_topic,,success,,2023-01-07 10:33:17
394,5,enter_topic,,success,,2023-01-07 20:01:39
395,1,enter_topic,,success,,2023-01-07 10:01:06
396,32,enter_topic,,success,,2023-01-07 07:45:00
397,2,enter_topic,,success,,2023-01-07 21:17:37
398,28,delete_topic,,success,,2023-01-07 18:12:10
399,10,delete_topic,,success,,2023-01-07 15:16:38
400,44,delete_topic,,success,,2023-01-07 21:13:42
401,2,delete_topic,,success,,2023-01-07 10:35:39
402,31,delete_topic,,success,,2023-01-07 03:58:47
403,25,delete_topic,,success,,2023-01-07 22:46:03
404,23,delete_topic,,success,,2023-01-07 00:11:18
405,17,delete_topic,,success,,2023-01-07 17:55:35
406,24,delete_topic,,success,,2023-01-07 11:35:21
407,,write_message,43,success,,2023-01-07 06:59:25
408,12,write_message,44,success,,2023-01-07 03:27:07
409,27,write_message,45,success,,2023-01-07 23:26:10
410,36,write_message,46,success,,2023-01-07 06:29:01
411,,write_message,47,success,,2023-01-07 14:39:33
412,20,write_message,48,success,,2023-01-07 08:39:33
413,24,write_message,49,success,,2023-01-07 16:42:45
414,,write_message,50,success,,2023-01-07 09:36:14
415,9,write_message,51,success,,2023-01-07 12:03:48
416,,write_message,52,success,,2023-01-07 03:49:23
417,,first_visit,,success,,2023-01-08 23:37:55
418,,first_visit,,success,,2023-01-08 01:51:21
419,,first_visit,,success,,2023-01-08 22:09:06
420,,first_visit,,success,,2023-01-08 21:37:48
421,,first_visit,,success,,2023-01-08 00:34:49
422,,first_visit,,success,,2023-01-08 16:48:30
423,,first_visit,,success,,2023-01-08 15:26:59
424,,first_visit,,success,,2023-01-08 13:58:25
425,,first_visit,,success,,2023-01-08 11:10:46
426,,first_visit,,success,,2023-01-08 12:58:17
427,47,registration,47,success,,2023-01-08 10:27:39
428,48,registration,48,success,,2023-01-08 23:16:37
429,49,registration,49,success,,2023-01-08 06:14:31
430,50,registration,50,success,,2023-01-08 16:53:54
431,51,registration,51,success,,2023-01-08 06:50:14
432,23,login,,success,,2023-01-08 08:19:48
433,36,login,,success,,2023-01-08 01:05:28
434,3,login,,success,,2023-01-08 21:33:11
435,47,login,,success,,2023-01-08 05:34:58
436,18,login,,success,,2023-01-08 10:39:34
437,43,login,,success,,2023-01-08 15:14:23
438,35,login,,success,,2023-01-08 02:52:13
439,2,login,,success,,2023-01-08 11:41:37
440,23,login,,success,,2023-01-08 05:08:32
441,50,logout,,success,,2023-01-08 14:08:01
442,23,logout,,success,,2023-01-08 06:47:35
443,10,logout,,success,,2023-01-08 13:53:39
444,40,logout,,success,,2023-01-08 08:07:23
445,30,logout,,success,,2023-01-08 14:44:22
446,3,logout,,success,,2023-01-08 12:11:41
447,46,logout,,success,,2023-01-08 15:48:35
448,16,logout,,success,,2023-01-08 10:33:33
449,8,create_topic,40,success,,2023-01-08 02:57:47
450,42,create_topic,41,success,,2023-01-08 22:23:34
451,16,create_topic,42,success,,2023-01-08 22:18:07
452,,create_topic,,error,User not logged in,2023-01-08 02:05:22
453,,create_topic,,error,User not logged in,2023-01-08 00:58:39
454,14,enter_topic,,success,,2023-01-08 07:04:53
455,38,enter_topic,,success,,2023-01-08 12:01:45
456,44,enter_topic,,success,,2023-01-08 10:16:20
457,23,enter_topic,,success,,2023-01-08 23:59:44
458,23,enter_topic,,success,,2023-01-08 04:56:15
459,29,enter_topic,,success,,2023-01-08 15:24:05
460,29,enter_topic,,success,,2023-01-08 20:17:02
461,48,enter_topic,,success,,2023-01-08 03:43:56
462,26,delete_topic,,success,,2023-01-08 09:37:31
463,14,delete_topic,,success,,2023-01-08 14:05:50
464,49,delete_topic,,success,,2023-01-08 01:41:43
465,5,delete_topic,,success,,2023-01-08 05:03:47
466,26,delete_topic,,success,,2023-01-08 06:26:36
467,29,delete_topic,,success,,2023-01-08 04:21:57
468,48,delete_topic,,success,,2023-01-08 00:59:46
469,48,delete_topic,,success,,2023-01-08 16:12:59
470,48,delete_topic,,success,,2023-01-08 18:05:09
471,8,delete_topic,,success,,2023-01-08 15:55:45
472,,write_message,53,success,,2023-01-08 03:02:25
473,,write_message,54,success,,2023-01-08 18:31:45
474,40,write_message,55,success,,2023-01-08 17:47:51
475,,write_message,56,success,,2023-01-08 07:16:13
476,42,write_message,57,success,,2023-01-08 21:17:50
477,,write_message,58,success,,2023-01-08 18:13:17
478,,first_visit,,success,,2023-01-09 09:57:30
479,,first_visit,,success,,2023-01-09 08:38:56
480,,first_visit,,success,,2023-01-09 13:58:04
481,,first_visit,,success,,2023-01-09 02:09:19
482,,first_visit,,success,,2023-01-09 18:25:25
483,,first_visit,,success,,2023-01-09 14:37:19
484,52,registration,52,success,,2023-01-09 23:02:51
485,53,registration,53,success,,2023-01-09 13:25:40
486,54,registration,54,success,,2023-01-09 09:02:31
487,55,registration,55,success,,2023-01-09 04:55:29
488,56,registration,56,success,,2023-01-09 13:42:11
489,57,registration,57,success,,2023-01-09 05:15:24
490,58,registration,58,success,,2023-01-09 13:58:30
491,59,registration,59,success,,2023-01-09 06:57:02
492,60,registration,60,success,,2023-01-09 04:44:16
493,42,login,,success,,2023-01-09 11:42:52
494,7,login,,success,,2023-01-09 09:35:06
495,27,login,,success,,2023-01-09 02:23:10
496,5,login,,success,,2023-01-09 08:45:33
497,49,login,,success,,2023-01-09 20:17:21
498,41,login,,success,,2023-01-09 05:38:43
499,22,login,,success,,2023-01-09 21:07:46
500,29,login,,success,,2023-01-09 20:24:49
501,56,logout,,success,,2023-01-09 20:06:16
502,10,logout,,success,,2023-01-09 20:06:24
503,1,logout,,success,,2023-01-09 07:58:41
504,8,logout,,success,,2023-01-09 12:19:41
505,60,logout,,success,,2023-01-09 14:20:59
506,23,logout,,success,,2023-01-09 00:15:01
507,36,logout,,success,,2023-01-09 03:04:35
508,4,logout,,success,,2023-01-09 22:14:54
509,10,logout,,success,,2023-01-09 22:30:38
510,57,logout,,success,,2023-01-09 05:17:32
511,30,create_topic,43,success,,2023-01-09 01:15:04
512,58,create_topic,44,success,,2023-01-09 21:04:25
513,10,create_topic,45,success,,2023-01-09 12:05:35
514,,create_topic,,error,User not logged in,2023-01-09 20:57:51
515,,create_topic,,error,User not logged in,2023-01-09 11:32:20
516,59,enter_topic,,success,,2023-01-09 15:51:27
517,13,enter_topic,,success,,2023-01-09 16:20:31
518,3,enter_topic,,success,,2023-01-09 11:09:21
519,47,enter_topic,,success,,2023-01-09 01:39:37
520,8,enter_topic,,success,,2023-01-09 16:49:55
521,33,enter_topic,,success,,2023-01-09 06:26:15
522,38,delete_topic,,success,,2023-01-09 17:47:12
523,33,delete_topic,,success,,2023-01-09 14:54:22
524,38,delete_topic,,success,,2023-01-09 23:07:22
525,50,delete_topic,,success,,2023-01-09 03:50:39
526,57,delete_topic,,success,,2023-01-09 09:11:40
527,33,delete_topic,,success,,2023-01-09 16:08:27
528,20,delete_topic,,success,,2023-01-09 19:50:27
529,,write_message,59,success,,2023-01-09 21:23:17
530,,write_message,60,success,,2023-01-09 14:02:05
531,52,write_message,61,success,,2023-01-09 21:05:30
532,43,write_message,62,success,,2023-01-09 03:53:51
533,30,write_message,63,success,,2023-01-09 21:57:37
534,50,write_message,64,success,,2023-01-09 13:37:18
535,41,write_message,65,success,,2023-01-09 05:20:41
536,,write_message,66,success,,2023-01-09 07:31:31
537,7,write_message,67,success,,2023-01-09 16:01:43
538,24,write_message,68,success,,2023-01-09 14:00:00
539,,first_visit,,success,,2023-01-10 04:12:09
540,,first_visit,,success,,2023-01-10 18:30:18
541,,first_visit,,success,,2023-01-10 12:57:22
542,,first_visit,,success,,2023-01-10 12:07:47
543,,first_visit,,success,,2023-01-10 11:34:15
544,,first_visit,,success,,2023-01-10 17:15:24
545,61,registration,61,success,,2023-01-10 23:50:48
546,62,registration,62,success,,2023-01-10 23:09:22
547,63,registration,63,success,,2023-01-10 18:24:27
548,64,registration,64,success,,2023-01-10 01:42:29
549,65,registration,65,success,,2023-01-10 18:19:26
550,59,login,,success,,2023-01-10 16:02:41
551,19,login,,success,,2023-01-10 08:01:08
552,12,login,,success,,2023-01-10 02:16:24
553,43,login,,success,,2023-01-10 16:20:57
554,55,login,,success,,2023-01-10 09:22:43
555,50,login,,success,,2023-01-10 20:54:18
556,43,login,,success,,2023-01-10 21:23:08
557,64,login,,success,,2023-01-10 07:40:21
558,54,login,,success,,2023-01-10 13:39:24
559,47,login,,success,,2023-01-10 12:26:37
560,25,logout,,success,,2023-01-10 23:51:03
561,18,logout,,success,,2023-01-10 18:08:31
562,53,logout,,success,,2023-01-10 04:02:38
563,3,logout,,success,,2023-01-10 05:20:23
564,20,logout,,success,,2023-01-10 08:10:54
565,57,logout,,success,,2023-01-10 09:52:24
566,33,logout,,success,,2023-01-10 01:07:45
567,28,logout,,success,,2023-01-10 12:24:07
568,28,logout,,success,,2023-01-10 15:43:59
569,52,create_topic,46,success,,2023-01-10 17:07:05
570,7,create_topic,47,success,,2023-01-10 20:16:47
571,45,create_topic,48,success,,2023-01-10 16:49:09
572,63,create_topic,49,success,,2023-01-10 07:23:21
573,23,create_topic,50,success,,2023-01-10 10:37:47
574,60,create_topic,51,success,,2023-01-10 03:59:01
575,52,create_topic,52,success,,2023-01-10 02:30:10
576,57,create_topic,53,success,,2023-01-10 11:47:55
577,,create_topic,,error,User not logged in,2023-01-10 10:54:18
578,,create_topic,,error,User not logged in,2023-01-10 12:53:16
579,26,enter_topic,,success,,2023-01-10 19:04:12
580,9,enter_topic,,success,,2023-01-10 11:11:35
581,57,enter_topic,,success,,2023-01-10 05:11:15
582,46,enter_topic,,success,,2023-01-10 19:20:07
583,39,enter_topic,,success,,2023-01-10 05:17:36
584,1,enter_topic,,success,,2023-01-10 13:10:39
585,26,enter_topic,,success,,2023-01-10 07:23:56
586,5,enter_topic,,success,,2023-01-10 05:24:16
587,49,delete_topic,,success,,2023-01-10 16:32:01
588,64,delete_topic,,success,,2023-01-10 02:13:17
589,36,delete_topic,,success,,2023-01-10 01:49:38
590,41,delete_topic,,success,,2023-01-10 09:22:11
591,37,delete_topic,,success,,2023-01-10 11:20:48
592,,write_message,69,success,,2023-01-10 22:54:19
593,60,write_message,70,success,,2023-01-10 04:12:39
594,,write_message,71,success,,2023-01-10 11:32:46
595,,write_message,72,success,,2023-01-10 04:03:18
596,34,write_message,73,success,,2023-01-10 08:30:58
597,,write_message,74,success,,2023-01-10 10:52:59
598,,first_visit,,success,,2023-01-11 10:15:38
599,,first_visit,,success,,2023-01-11 16:56:17
600,,first_visit,,success,,2023-01-11 07:32:11
601,,first_visit,,success,,2023-01-11 20:32:09
602,,first_visit,,success,,2023-01-11 13:52:31
603,,first_visit,,success,,2023-01-11 13:53:04
604,,first_visit,,success,,2023-01-11 19:57:34
605,,first_visit,,success,,2023-01-11 18:03:21
606,66,registration,66,success,,2023-01-11 16:58:57
607,67,registration,67,success,,2023-01-11 22:41:04
608,68,registration,68,success,,2023-01-11 16:32:23
609,69,registration,69,success,,2023-01-11 03:23:34
610,70,registration,70,success,,2023-01-11 11:57:57
611,71,registration,71,success,,2023-01-11 03:08:32
612,37,login,,success,,2023-01-11 06:33:18
613,48,login,,success,,2023-01-11 13:55:11
614,71,login,,success,,2023-01-11 01:58:19
615,51,login,,success,,2023-01-11 12:31:24
616,27,login,,success,,2023-01-11 06:39:08
617,25,logout,,success,,2023-01-11 00:20:08
618,57,logout,,success,,2023-01-11 16:38:39
619,27,logout,,success,,2023-01-11 06:47:48
620,58,logout,,success,,2023-01-11 15:07:38
621,27,logout,,success,,2023-01-11 19:31:00
622,6,logout,,success,,2023-01-11 21:14:07
623,62,create_topic,54,success,,2023-01-11 16:03:49
624,31,create_topic,55,success,,2023-01-11 11:03:02
625,18,create_topic,56,success,,2023-01-11 11:11:35
626,46,create_topic,57,success,,2023-01-11 06:34:01
627,4,create_topic,58,success,,2023-01-11 08:30:20
628,49,create_topic,59,success,,2023-01-11 11:12:41
629,63,create_topic,60,success,,2023-01-11 12:10:58
630,,create_topic,,error,User not logged in,2023-01-11 01:18:32
631,,create_topic,,error,User not logged in,2023-01-11 20:36:56
632,58,enter_topic,,success,,2023-01-11 21:28:19
633,36,enter_topic,,success,,2023-01-11 18:51:44
634,47,enter_topic,,success,,2023-01-11 22:01:52
635,6,enter_topic,,success,,2023-01-11 11:30:04
636,53,enter_topic,,success,,2023-01-11 04:24:28
637,30,enter_topic,,success,,2023-01-11 22:57:18
638,4,enter_topic,,success,,2023-01-11 09:28:42
639,37,enter_topic,,success,,2023-01-11 11:07:30
640,3,enter_topic,,success,,2023-01-11 15:47:34
641,25,enter_topic,,success,,2023-01-11 00:56:09
642,28,delete_topic,,success,,2023-01-11 06:13:02
643,9,delete_topic,,success,,2023-01-11 10:01:35
644,9,delete_topic,,success,,2023-01-11 08:11:29
645,16,delete_topic,,success,,2023-01-11 07:44:45
646,58,delete_topic,,success,,2023-01-11 10:14:34
647,,write_message,75,success,,2023-01-11 21:02:59
648,,write_message,76,success,,2023-01-11 10:25:31
649,,write_message,77,success,,2023-01-11 16:11:43
650,,write_message,78,success,,2023-01-11 15:21:39
651,,write_message,79,success,,2023-01-11 04:49:44
652,10,write_message,80,success,,2023-01-11 11:15:11
653,,first_visit,,success,,2023-01-12 03:58:56
654,,first_visit,,success,,2023-01-12 17:44:31
655,,first_visit,,success,,2023-01-12 21:46:53
656,,first_visit,,success,,2023-01-12 10:10:05
657,,first_visit,,success,,2023-01-12 15:18:35
658,,first_visit,,success,,2023-01-12 09:56:16
659,,first_visit,,success,,2023-01-12 23:41:21
660,,first_visit,,success,,2023-01-12 08:13:53
661,72,registration,72,success,,2023-01-12 23:44:45
662,73,registration,73,success,,2023-01-12 09:57:43
663,74,registration,74,success,,2023-01-12 17:27:06
664,75,registration,75,success,,2023-01-12 06:31:36
665,76,registration,76,success,,2023-01-12 15:46:19
666,77,registration,77,success,,2023-01-12 02:51:24
667,37,login,,success,,2023-01-12 16:26:02
668,47,login,,success,,2023-01-12 21:08:43
669,73,login,,success,,2023-01-12 15:11:06
670,6,login,,success,,2023-01-12 10:57:22
671,58,login,,success,,2023-01-12 22:10:33
672,11,login,,success,,2023-01-12 03:06:45
673,16,login,,success,,2023-01-12 17:09:14
674,26,login,,success,,2023-01-12 14:36:11
675,43,logout,,success,,2023-01-12 09:57:56
676,20,logout,,success,,2023-01-12 20:15:22
677,51,logout,,success,,2023-01-12 21:41:44
678,37,logout,,success,,2023-01-12 11:59:51
679,13,logout,,success,,2023-01-12 21:58:17
680,4,logout,,success,,2023-01-12 16:17:29
681,19,logout,,success,,2023-01-12 23:50:15
682,35,logout,,success,,2023-01-12 05:21:32
683,34,create_topic,61,success,,2023-01-12 21:47:22
684,13,create_topic,62,success,,2023-01-12 07:19:20
685,13,create_topic,63,success,,2023-01-12 10:30:18
686,17,create_topic,64,success,,2023-01-12 23:56:08
687,39,create_topic,65,success,,2023-01-12 18:25:41
688,,create_topic,,error,User not logged in,2023-01-12 06:57:05
689,,create_topic,,error,User not logged in,2023-01-12 21:43:28
690,21,enter_topic,,success,,2023-01-12 14:35:11
691,28,enter_topic,,success,,2023-01-12 12:17:33
692,65,enter_topic,,success,,2023-01-12 20:22:21
693,71,enter_topic,,success,,2023-01-12 10:55:31
694,66,enter_topic,,success,,2023-01-12 01:39:08
695,20,enter_topic,,success,,2023-01-12 10:09:40
696,27,enter_topic,,success,,2023-01-12 11:36:26
697,23,enter_topic,,success,,2023-01-12 04:48:58
698,35,enter_topic,,success,,2023-01-12 05:05:49
699,71,enter_topic,,success,,2023-01-12 19:08:48
700,75,delete_topic,,success,,2023-01-12 11:58:21
701,16,delete_topic,,success,,2023-01-12 14:41:22
702,62,delete_topic,,success,,2023-01-12 20:37:40
703,24,delete_topic,,success,,2023-01-12 20:50:16
704,51,delete_topic,,success,,2023-01-12 08:25:44
705,74,write_message,81,success,,2023-01-12 19:08:00
706,63,write_message,82,success,,2023-01-12 02:56:39
707,50,write_message,83,success,,2023-01-12 01:15:39
708,18,write_message,84,success,,2023-01-12 13:46:49
709,76,write_message,85,success,,2023-01-12 12:54:58
710,,write_message,86,success,,2023-01-12 23:17:04
711,10,write_message,87,success,,2023-01-12 10:14:46
712,,write_message,88,success,,2023-01-12 11:04:38
713,69,write_message,89,success,,2023-01-12 13:58:11
714,55,write_message,90,success,,2023-01-12 00:27:45
715,,first_visit,,success,,2023-01-13 18:59:54
716,,first_visit,,success,,2023-01-13 14:38:49
717,,first_visit,,success,,2023-01-13 22:56:20
718,,first_visit,,success,,2023-01-13 02:40:03
719,,first_visit,,success,,2023-01-13 08:45:57
720,,first_visit,,success,,2023-01-13 20:53:04
721,78,registration,78,success,,2023-01-13 03:49:49
722,79,registration,79,success,,2023-01-13 17:10:44
723,80,registration,80,success,,2023-01-13 11:55:40
724,81,registration,81,success,,2023-01-13 18:07:17
725,82,registration,82,success,,2023-01-13 23:09:19
726,83,registration,83,success,,2023-01-13 05:56:31
727,84,registration,84,success,,2023-01-13 13:00:40
728,85,registration,85,success,,2023-01-13 08:22:58
729,86,registration,86,success,,2023-01-13 16:05:34
730,16,login,,success,,2023-01-13 02:47:30
731,30,login,,success,,2023-01-13 03:23:12
732,81,login,,success,,2023-01-13 16:14:06
733,13,login,,success,,2023-01-13 12:40:06
734,75,login,,success,,2023-01-13 14:42:20
735,42,login,,success,,2023-01-13 17:33:44
736,53,login,,success,,2023-01-13 01:19:49
737,21,login,,success,,2023-01-13 03:27:32
738,31,logout,,success,,2023-01-13 18:48:59
739,49,logout,,success,,2023-01-13 19:10:07
740,55,logout,,success,,2023-01-13 20:19:58
741,54,logout,,success,,2023-01-13 00:30:59
742,32,logout,,success,,2023-01-13 22:28:24
743,25,logout,,success,,2023-01-13 22:07:43
744,22,logout,,success,,2023-01-13 01:32:57
745,64,logout,,success,,2023-01-13 09:52:47
746,28,logout,,success,,2023-01-13 07:41:21
747,53,create_topic,66,success,,2023-01-13 22:46:45
748,6,create_topic,67,success,,2023-01-13 10:14:47
749,47,create_topic,68,success,,2023-01-13 18:39:07
750,74,create_topic,69,success,,2023-01-13 21:48:08
751,80,create_topic,70,success,,2023-01-13 11:29:08
752,41,create_topic,71,success,,2023-01-13 04:20:33
753,46,create_topic,72,success,,2023-01-13 10:30:44
754,,create_topic,,error,User not logged in,2023-01-13 22:12:27
755,,create_topic,,error,User not logged in,2023-01-13 19:50:58
756,24,enter_topic,,success,,2023-01-13 03:24:58
757,80,enter_topic,,success,,2023-01-13 19:49:21
758,5,enter_topic,,success,,2023-01-13 01:07:00
759,54,enter_topic,,success,,2023-01-13 18:26:30
760,75,enter_topic,,success,,2023-01-13 20:10:01
761,43,delete_topic,,success,,2023-01-13 06:35:55
762,17,delete_topic,,success,,2023-01-13 08:49:53
763,40,delete_topic,,success,,2023-01-13 16:09:00
764,10,delete_topic,,success,,2023-01-13 12:03:29
765,36,delete_topic,,success,,2023-01-13 13:41:38
766,26,delete_topic,,success,,2023-01-13 11:09:09
767,,write_message,91,success,,2023-01-13 12:46:04
768,61,write_message,92,success,,2023-01-13 23:13:54
769,61,write_message,93,success,,2023-01-13 14:08:11
770,70,write_message,94,success,,2023-01-13 03:58:31
771,41,write_message,95,success,,2023-01-13 22:49:21
772,,first_visit,,success,,2023-01-14 07:22:54
773,,first_visit,,success,,2023-01-14 19:43:58
774,,first_visit,,success,,2023-01-14 17:55:07
775,,first_visit,,success,,2023-01-14 15:38:07
776,,first_visit,,success,,2023-01-14 20:29:24
777,,first_visit,,success,,2023-01-14 15:33:30
778,,first_visit,,success,,2023-01-14 14:21:49
779,,first_visit,,success,,2023-01-14 00:48:09
780,87,registration,87,success,,2023-01-14 01:47:12
781,88,registration,88,success,,2023-01-14 06:58:31
782,89,registration,89,success,,2023-01-14 23:32:33
783,90,registration,90,success,,2023-01-14 13:12:28
784,91,registration,91,success,,2023-01-14 12:05:13
785,92,registration,92,success,,2023-01-14 16:15:42
786,93,registration,93,success,,2023-01-14 05:57:12
787,94,registration,94,success,,2023-01-14 13:04:24
788,95,registration,95,success,,2023-01-14 11:48:15
789,96,registration,96,success,,2023-01-14 04:29:01
790,75,login,,success,,2023-01-14 20:52:22
791,28,login,,success,,2023-01-14 11:31:17
792,80,login,,success,,2023-01-14 01:36:18
793,37,login,,success,,2023-01-14 16:39:00
794,68,login,,success,,2023-01-14 23:52:55
795,75,login,,success,,2023-01-14 07:51:12
796,41,login,,success,,2023-01-14 10:44:37
797,93,login,,success,,2023-01-14 17:38:53
798,51,login,,success,,2023-01-14 21:30:37
799,55,login,,success,,2023-01-14 15:53:46
800,72,logout,,success,,2023-01-14 04:00:52
801,94,logout,,success,,2023-01-14 05:26:00
802,90,logout,,success,,2023-01-14 06:05:14
803,61,logout,,success,,2023-01-14 02:05:18
804,19,logout,,success,,2023-01-14 09:13:28
805,7,logout,,success,,2023-01-14 14:28:19
806,37,logout,,success,,2023-01-14 19:54:19
807,41,create_topic,73,success,,2023-01-14 15:50:03
808,80,create_topic,74,success,,2023-01-14 04:11:53
809,14,create_topic,75,success,,2023-01-14 20:31:46
810,94,create_topic,76,success,,2023-01-14 21:28:02
811,75,create_topic,77,success,,2023-01-14 15:59:40
812,17,create_topic,78,success,,2023-01-14 13:42:24
813,47,create_topic,79,success,,2023-01-14 06:41:42
814,,create_topic,,error,User not logged in,2023-01-14 14:21:00
815,,create_topic,,error,User not logged in,2023-01-14 22:43:08
816,60,enter_topic,,success,,2023-01-14 15:00:22
817,94,enter_topic,,success,,2023-01-14 14:05:41
818,27,enter_topic,,success,,2023-01-14 20:11:06
819,68,enter_topic,,success,,2023-01-14 18:45:44
820,47,enter_topic,,success,,2023-01-14 13:41:10
821,36,enter_topic,,success,,2023-01-14 20:46:50
822,40,enter_topic,,success,,2023-01-14 11:28:43
823,49,enter_topic,,success,,2023-01-14 13:03:05
824,29,delete_topic,,success,,2023-01-14 07:45:29
825,21,delete_topic,,success,,2023-01-14 09:19:27
826,37,delete_topic,,success,,2023-01-14 14:54:52
827,31,delete_topic,,success,,2023-01-14 23:39:58
828,23,delete_topic,,success,,2023-01-14 09:00:06
829,22,delete_topic,,success,,2023-01-14 22:00:27
830,58,write_message,96,success,,2023-01-14 01:00:57
831,21,write_message,97,success,,2023-01-14 23:51:36
832,,write_message,98,success,,2023-01-14 04:15:03
833,,write_message,99,success,,2023-01-14 11:12:27
834,,write_message,100,success,,2023-01-14 22:31:43
835,,first_visit,,success,,2023-01-15 21:02:23
836,,first_visit,,success,,2023-01-15 01:57:12
837,,first_visit,,success,,2023-01-15 21:20:18
838,,first_visit,,success,,2023-01-15 09:11:42
839,,first_visit,,success,,2023-01-15 13:30:49
840,,first_visit,,success,,2023-01-15 13:30:59
841,,first_visit,,success,,2023-01-15 05:39:27
842,,first_visit,,success,,2023-01-15 18:53:17
843,97,registration,97,success,,2023-01-15 07:24:01
844,98,registration,98,success,,2023-01-15 20:27:16
845,99,registration,99,success,,2023-01-15 10:38:56
846,100,registration,100,success,,2023-01-15 02:19:15
847,101,registration,101,success,,2023-01-15 12:41:25
848,102,registration,102,success,,2023-01-15 10:53:27
849,103,registration,103,success,,2023-01-15 06:40:25
850,104,registration,104,success,,2023-01-15 03:35:53
851,32,login,,success,,2023-01-15 07:56:58
852,28,login,,success,,2023-01-15 20:48:17
853,85,login,,success,,2023-01-15 15:53:20
854,100,login,,success,,2023-01-15 18:20:23
855,13,login,,success,,2023-01-15 22:39:10
856,90,login,,success,,2023-01-15 15:13:48
857,82,login,,success,,2023-01-15 16:05:54
858,66,login,,success,,2023-01-15 08:41:32
859,86,login,,success,,2023-01-15 23:59:17
860,8,login,,success,,2023-01-15 11:59:31
861,96,logout,,success,,2023-01-15 05:54:22
862,23,logout,,success,,2023-01-15 18:03:39
863,92,logout,,success,,2023-01-15 03:53:59
864,43,logout,,success,,2023-01-15 22:35:34
865,78,logout,,success,,2023-01-15 20:31:58
866,64,logout,,success,,2023-01-15 22:55:09
867,4,logout,,success,,2023-01-15 17:37:24
868,24,create_topic,80,success,,2023-01-15 06:59:24
869,100,create_topic,81,success,,2023-01-15 16:33:56
870,38,create_topic,82,success,,2023-01-15 05:35:52
871,,create_topic,,error,User not logged in,2023-01-15 13:41:54
872,,create_topic,,error,User not logged in,2023-01-15 02:22:29
873,73,enter_topic,,success,,2023-01-15 03:19:00
874,96,enter_topic,,success,,2023-01-15 23:55:03
875,25,enter_topic,,success,,2023-01-15 13:40:33
876,68,enter_topic,,success,,2023-01-15 03:59:33
877,102,enter_topic,,success,,2023-01-15 04:02:46
878,32,enter_topic,,success,,2023-01-15 21:44:14
879,63,enter_topic,,success,,2023-01-15 01:53:37
880,83,enter_topic,,success,,2023-01-15 21:00:49
881,87,delete_topic,,success,,2023-01-15 10:35:30
882,67,delete_topic,,success,,2023-01-15 00:08:12
883,89,delete_topic,,success,,2023-01-15 01:32:03
884,1,delete_topic,,success,,2023-01-15 06:59:37
885,100,delete_topic,,success,,2023-01-15 03:45:25
886,14,write_message,101,success,,2023-01-15 04:13:32
887,,write_message,102,success,,2023-01-15 13:24:27
888,,write_message,103,success,,2023-01-15 03:16:59
889,,write_message,104,success,,2023-01-15 14:56:24
890,7,write_message,105,success,,2023-01-15 11:30:58
891,,first_visit,,success,,2023-01-16 08:36:14
892,,first_visit,,success,,2023-01-16 20:37:36
893,,first_visit,,success,,2023-01-16 17:59:45
894,,first_visit,,success,,2023-01-16 10:41:41
895,,first_visit,,success,,2023-01-16 11:52:58
896,,first_visit,,success,,2023-01-16 12:27:36
897,,first_visit,,success,,2023-01-16 23:06:09
898,,first_visit,,success,,2023-01-16 03:04:37
899,,first_visit,,success,,2023-01-16 02:14:27
900,105,registration,105,success,,2023-01-16 13:29:00
901,106,registration,106,success,,2023-01-16 01:47:46
902,107,registration,107,success,,2023-01-16 01:28:20
903,108,registration,108,success,,2023-01-16 13:00:32
904,109,registration,109,success,,2023-01-16 22:34:30
905,110,registration,110,success,,2023-01-16 10:40:47
906,111,registration,111,success,,2023-01-16 05:27:04
907,112,registration,112,success,,2023-01-16 19:52:03
908,113,registration,113,success,,2023-01-16 04:46:02
909,18,login,,success,,2023-01-16 15:03:15
910,84,login,,success,,2023-01-16 14:25:24
911,50,login,,success,,2023-01-16 00:29:33
912,76,login,,success,,2023-01-16 07:18:42
913,78,login,,success,,2023-01-16 10:23:14
914,46,login,,success,,2023-01-16 12:00:58
915,22,login,,success,,2023-01-16 04:56:26
916,63,logout,,success,,2023-01-16 18:57:02
917,75,logout,,success,,2023-01-16 07:32:34
918,14,logout,,success,,2023-01-16 03:34:10
919,110,logout,,success,,2023-01-16 08:47:07
920,19,logout,,success,,2023-01-16 01:22:28
921,31,logout,,success,,2023-01-16 13:31:23
922,20,create_topic,83,success,,2023-01-16 13:32:00
923,110,create_topic,84,success,,2023-01-16 13:02:38
924,20,create_topic,85,success,,2023-01-16 13:14:57
925,21,create_topic,86,success,,2023-01-16 08:09:10
926,9,create_topic,87,success,,2023-01-16 22:23:54
927,36,create_topic,88,success,,2023-01-16 10:00:40
928,66,create_topic,89,success,,2023-01-16 07:05:36
929,,create_topic,,error,User not logged in,2023-01-16 14:37:35
930,,create_topic,,error,User not logged in,2023-01-16 07:52:19
931,94,enter_topic,,success,,2023-01-16 18:02:05
932,66,enter_topic,,success,,2023-01-16 20:23:43
933,24,enter_topic,,success,,2023-01-16 12:00:17
934,38,enter_topic,,success,,2023-01-16 02:39:04
935,67,enter_topic,,success,,2023-01-16 11:41:16
936,62,delete_topic,,success,,2023-01-16 19:37:54
937,107,delete_topic,,success,,2023-01-16 11:51:49
938,5,delete_topic,,success,,2023-01-16 05:06:16
939,94,delete_topic,,success,,2023-01-16 21:03:41
940,15,delete_topic,,success,,2023-01-16 04:21:30
941,34,delete_topic,,success,,2023-01-16 23:39:36
942,45,delete_topic,,success,,2023-01-16 18:28:23
943,92,delete_topic,,success,,2023-01-16 20:21:32
944,57,delete_topic,,success,,2023-01-16 04:56:05
945,,write_message,106,success,,2023-01-16 17:09:57
946,27,write_message,107,success,,2023-01-16 14:45:57
947,,write_message,108,success,,2023-01-16 11:27:45
948,,write_message,109,success,,2023-01-16 08:22:49
949,16,write_message,110,success,,2023-01-16 21:49:12
950,65,write_message,111,success,,2023-01-16 04:42:58
951,,first_visit,,success,,2023-01-17 18:43:44
952,,first_visit,,success,,2023-01-17 07:44:11
953,,first_visit,,success,,2023-01-17 10:10:55
954,,first_visit,,success,,2023-01-17 19:46:20
955,,first_visit,,success,,2023-01-17 08:47:31
956,,first_visit,,success,,2023-01-17 01:24:35
957,,first_visit,,success,,2023-01-17 01:32:25
958,,first_visit,,success,,2023-01-17 05:24:19
959,,first_visit,,success,,2023-01-17 01:51:10
960,114,registration,114,success,,2023-01-17 01:03:43
961,115,registration,115,success,,2023-01-17 17:04:12
962,116,registration,116,success,,2023-01-17 11:18:08
963,117,registration,117,success,,2023-01-17 22:50:40
964,118,registration,118,success,,2023-01-17 14:51:44
965,119,registration,119,success,,2023-01-17 23:56:51
966,29,login,,success,,2023-01-17 11:13:01
967,17,login,,success,,2023-01-17 08:45:50
968,41,login,,success,,2023-01-17 15:00:01
969,33,login,,success,,2023-01-17 03:34:41
970,81,login,,success,,2023-01-17 14:31:18
971,119,login,,success,,2023-01-17 14:51:35
972,47,login,,success,,2023-01-17 23:03:30
973,119,logout,,success,,2023-01-17 16:47:53
974,115,logout,,success,,2023-01-17 13:30:50
975,54,logout,,success,,2023-01-17 09:19:22
976,30,logout,,success,,2023-01-17 09:06:23
977,71,logout,,success,,2023-01-17 05:37:52
978,79,logout,,success,,2023-01-17 06:51:23
979,45,logout,,success,,2023-01-17 16:41:44
980,85,logout,,success,,2023-01-17 10:14:52
981,18,logout,,success,,2023-01-17 07:10:44
982,85,logout,,success,,2023-01-17 05:45:54
983,37,create_topic,90,success,,2023-01-17 12:00:15
984,4,create_topic,91,success,,2023-01-17 11:57:03
985,20,create_topic,92,success,,2023-01-17 19:53:44
986,45,create_topic,93,success,,2023-01-17 01:00:09
987,,create_topic,,error,User not logged in,2023-01-17 08:41:37
988,,create_topic,,error,User not logged in,2023-01-17 06:59:51
989,13,enter_topic,,success,,2023-01-17 10:51:18
990,17,enter_topic,,success,,2023-01-17 02:00:25
991,14,enter_topic,,success,,2023-01-17 06:51:47
992,58,enter_topic,,success,,2023-01-17 06:12:29
993,16,enter_topic,,success,,2023-01-17 09:26:03
994,15,enter_topic,,success,,2023-01-17 19:56:33
995,15,delete_topic,,success,,2023-01-17 18:32:24
996,4,delete_topic,,success,,2023-01-17 02:16:44
997,52,delete_topic,,success,,2023-01-17 10:11:07
998,88,delete_topic,,success,,2023-01-17 02:41:59
999,20,delete_topic,,success,,2023-01-17 21:11:25
1000,34,delete_topic,,success,,2023-01-17 11:00:18
1001,94,delete_topic,,success,,2023-01-17 12:38:47
1002,83,delete_topic,,success,,2023-01-17 00:01:31
1003,11,delete_topic,,success,,2023-01-17 00:53:08
1004,82,delete_topic,,success,,2023-01-17 15:58:29
1005,88,write_message,112,success,,2023-01-17 07:42:21
1006,14,write_message,113,success,,2023-01-17 06:15:24
1007,,write_message,114,success,,2023-01-17 06:13:45
1008,,write_message,115,success,,2023-01-17 13:47:44
1009,14,write_message,116,success,,2023-01-17 00:36:11
1010,,first_visit,,success,,2023-01-18 16:11:57
1011,,first_visit,,success,,2023-01-18 18:10:47
1012,,first_visit,,success,,2023-01-18 05:56:57
1013,,first_visit,,success,,2023-01-18 00:21:55
1014,,first_visit,,success,,2023-01-18 06:41:02
1015,,first_visit,,success,,2023-01-18 08:38:55
1016,,first_visit,,success,,2023-01-18 20:03:10
1017,,first_visit,,success,,2023-01-18 00:09:07
1018,120,registration,120,success,,2023-01-18 11:19:47
1019,121,registration,121,success,,2023-01-18 07:34:38
1020,122,registration,122,success,,2023-01-18 09:25:53
1021,123,registration,123,success,,2023-01-18 08:27:53
1022,124,registration,124,success,,2023-01-18 12:58:35
1023,90,login,,success,,2023-01-18 08:46:44
1024,79,login,,success,,2023-01-18 13:53:52
1025,77,login,,success,,2023-01-18 11:28:12
1026,27,login,,success,,2023-01-18 20:26:09
1027,21,login,,success,,2023-01-18 09:42:45
1028,117,login,,success,,2023-01-18 16:14:37
1029,15,login,,success,,2023-01-18 17:16:07
1030,62,logout,,success,,2023-01-18 01:51:12
1031,68,logout,,success,,2023-01-18 22:16:32
1032,115,logout,,success,,2023-01-18 16:55:20
1033,54,logout,,success,,2023-01-18 02:57:59
1034,82,logout,,success,,2023-01-18 10:44:48
1035,30,logout,,success,,2023-01-18 11:42:46
1036,98,create_topic,94,success,,2023-01-18 02:48:19
1037,90,create_topic,95,success,,2023-01-18 18:13:48
1038,89,create_topic,96,success,,2023-01-18 06:47:01
1039,78,create_topic,97,success,,2023-01-18 18:34:53
1040,53,create_topic,98,success,,2023-01-18 08:08:58
1041,90,create_topic,99,success,,2023-01-18 19:05:08
1042,,create_topic,,error,User not logged in,2023-01-18 21:00:02
1043,,create_topic,,error,User not logged in,2023-01-18 23:46:26
1044,89,enter_topic,,success,,2023-01-18 04:52:47
1045,55,enter_topic,,success,,2023-01-18 05:51:36
1046,7,enter_topic,,success,,2023-01-18 08:30:23
1047,86,enter_topic,,success,,2023-01-18 18:59:53
1048,73,enter_topic,,success,,2023-01-18 10:35:23
1049,46,enter_topic,,success,,2023-01-18 14:58:25
1050,49,enter_topic,,success,,2023-01-18 18:56:20
1051,27,delete_topic,,success,,2023-01-18 07:02:08
1052,47,delete_topic,,success,,2023-01-18 03:00:40
1053,28,delete_topic,,success,,2023-01-18 20:31:25
1054,25,delete_topic,,success,,2023-01-18 09:40:41
1055,102,delete_topic,,success,,2023-01-18 19:15:36
1056,49,delete_topic,,success,,2023-01-18 01:43:54
1057,38,write_message,117,success,,2023-01-18 02:56:23
1058,,write_message,118,success,,2023-01-18 08:36:29
1059,51,write_message,119,success,,2023-01-18 20:13:41
1060,19,write_message,120,success,,2023-01-18 19:16:43
1061,95,write_message,121,success,,2023-01-18 23:58:00
1062,,write_message,122,success,,2023-01-18 01:21:41
1063,,write_message,123,success,,2023-01-18 13:00:13
1064,115,write_message,124,success,,2023-01-18 20:29:30
1065,106,write_message,125,success,,2023-01-18 07:02:34
1066,,first_visit,,success,,2023-01-19 03:03:09
1067,,first_visit,,success,,2023-01-19 08:03:28
1068,,first_visit,,success,,2023-01-19 01:03:41
1069,,first_visit,,success,,2023-01-19 12:19:12
1070,,first_visit,,success,,2023-01-19 13:49:16
1071,,first_visit,,success,,2023-01-19 05:47:05
1072,,first_visit,,success,,2023-01-19 01:16:42
1073,125,registration,125,success,,2023-01-19 09:10:32
1074,126,registration,126,success,,2023-01-19 23:22:56
1075,127,registration,127,success,,2023-01-19 17:19:39
1076,128,registration,128,success,,2023-01-19 08:01:00
1077,129,registration,129,success,,2023-01-19 00:31:05
1078,130,registration,130,success,,2023-01-19 03:35:38
1079,131,registration,131,success,,2023-01-19 14:00:24
1080,132,registration,132,success,,2023-01-19 17:33:21
1081,133,registration,133,success,,2023-01-19 07:11:45
1082,20,login,,success,,2023-01-19 05:39:30
1083,9,login,,success,,2023-01-19 21:25:39
1084,128,login,,success,,2023-01-19 13:50:47
1085,91,login,,success,,2023-01-19 14:59:17
1086,122,login,,success,,2023-01-19 03:04:06
1087,34,login,,success,,2023-01-19 01:28:01
1088,57,login,,success,,2023-01-19 04:49:10
1089,24,login,,success,,2023-01-19 11:45:50
1090,131,login,,success,,2023-01-19 07:13:22
1091,46,login,,success,,2023-01-19 08:44:46
1092,25,logout,,success,,2023-01-19 09:14:08
1093,108,logout,,success,,2023-01-19 02:01:53
1094,108,logout,,success,,2023-01-19 12:43:11
1095,113,logout,,success,,2023-01-19 15:30:25
1096,22,logout,,success,,2023-01-19 11:06:47
1097,111,logout,,success,,2023-01-19 08:17:12
1098,19,logout,,success,,2023-01-19 07:52:01
1099,79,logout,,success,,2023-01-19 17:16:55
1100,104,logout,,success,,2023-01-19 03:35:06
1101,37,create_topic,100,success,,2023-01-19 02:47:21
1102,70,create_topic,101,success,,2023-01-19 00:43:55
1103,16,create_topic,102,success,,2023-01-19 21:16:16
1104,80,create_topic,103,success,,2023-01-19 16:07:09
1105,22,create_topic,104,success,,2023-01-19 15:55:33
1106,,create_topic,,error,User not logged in,2023-01-19 13:58:46
1107,,create_topic,,error,User not logged in,2023-01-19 03:47:12
1108,83,enter_topic,,success,,2023-01-19 08:35:45
1109,29,enter_topic,,success,,2023-01-19 13:03:41
1110,84,enter_topic,,success,,2023-01-19 02:49:17
1111,56,enter_topic,,success,,2023-01-19 14:47:12
1112,61,enter_topic,,success,,2023-01-19 09:49:29
1113,92,enter_topic,,success,,2023-01-19 12:44:23
1114,14,delete_topic,,success,,2023-01-19 16:23:33
1115,126,delete_topic,,success,,2023-01-19 20:38:14
1116,130,delete_topic,,success,,2023-01-19 14:13:55
1117,39,delete_topic,,success,,2023-01-19 06:10:35
1118,114,delete_topic,,success,,2023-01-19 13:48:46
1119,4,write_message,126,success,,2023-01-19 03:30:58
1120,,write_message,127,success,,2023-01-19 01:21:50
1121,84,write_message,128,success,,2023-01-19 22:40:12
1122,,write_message,129,success,,2023-01-19 00:44:20
1123,75,write_message,130,success,,2023-01-19 17:12:01
1124,119,write_message,131,success,,2023-01-19 03:40:08
1125,,write_message,132,success,,2023-01-19 11:14:55
1126,108,write_message,133,success,,2023-01-19 09:04:23
1127,,write_message,134,success,,2023-01-19 20:24:54
1128,,write_message,135,success,,2023-01-19 08:22:44
1129,,first_visit,,success,,2023-01-20 19:46:12
1130,,first_visit,,success,,2023-01-20 02:41:00
1131,,first_visit,,success,,2023-01-20 13:28:15
1132,,first_visit,,success,,2023-01-20 02:50:36
1133,,first_visit,,success,,2023-01-20 17:05:17
1134,,first_visit,,success,,2023-01-20 13:24:31
1135,,first_visit,,success,,2023-01-20 20:09:26
1136,,first_visit,,success,,2023-01-20 23:40:34
1137,,first_visit,,success,,2023-01-20 22:36:36
1138,,first_visit,,success,,2023-01-20 12:05:59
1139,134,registration,134,success,,2023-01-20 09:05:53
1140,135,registration,135,success,,2023-01-20 03:36:19
1141,136,registration,136,success,,2023-01-20 13:59:28
1142,137,registration,137,success,,2023-01-20 02:13:27
1143,138,registration,138,success,,2023-01-20 17:00:29
1144,120,login,,success,,2023-01-20 14:46:21
1145,114,login,,success,,2023-01-20 04:03:32
1146,94,login,,success,,2023-01-20 09:38:15
1147,62,login,,success,,2023-01-20 09:09:03
1148,85,login,,success,,2023-01-20 18:14:57
1149,9,login,,success,,2023-01-20 09:48:45
1150,100,logout,,success,,2023-01-20 12:00:08
1151,59,logout,,success,,2023-01-20 05:58:41
1152,133,logout,,success,,2023-01-20 18:40:12
1153,79,logout,,success,,2023-01-20 04:52:50
1154,125,logout,,success,,2023-01-20 03:06:53
1155,44,logout,,success,,2023-01-20 20:44:39
1156,122,logout,,success,,2023-01-20 03:09:53
1157,119,create_topic,105,success,,2023-01-20 03:35:29
1158,91,create_topic,106,success,,2023-01-20 22:20:45
1159,8,create_topic,107,success,,2023-01-20 18:19:05
1160,135,create_topic,108,success,,2023-01-20 22:16:38
1161,,create_topic,,error,User not logged in,2023-01-20 20:34:41
1162,,create_topic,,error,User not logged in,2023-01-20 16:16:25
1163,118,enter_topic,,success,,2023-01-20 17:46:31
1164,33,enter_topic,,success,,2023-01-20 01:22:43
1165,91,enter_topic,,success,,2023-01-20 20:07:26
1166,61,enter_topic,,success,,2023-01-20 01:42:51
1167,48,enter_topic,,success,,2023-01-20 21:28:32
1168,9,enter_topic,,success,,2023-01-20 09:48:23
1169,62,enter_topic,,success,,2023-01-20 11:31:00
1170,87,enter_topic,,success,,2023-01-20 09:05:27
1171,8,enter_topic,,success,,2023-01-20 03:14:28
1172,53,enter_topic,,success,,2023-01-20 09:48:40
1173,27,delete_topic,,success,,2023-01-20 12:52:25
1174,78,delete_topic,,success,,2023-01-20 09:53:55
1175,57,delete_topic,,success,,2023-01-20 00:07:29
1176,107,delete_topic,,success,,2023-01-20 01:44:00
1177,52,delete_topic,,success,,2023-01-20 01:19:12
1178,20,delete_topic,,success,,2023-01-20 07:54:41
1179,23,delete_topic,,success,,2023-01-20 01:10:14
1180,119,delete_topic,,success,,2023-01-20 09:58:16
1181,102,write_message,136,success,,2023-01-20 00:14:39
1182,50,write_message,137,success,,2023-01-20 17:49:10
1183,,write_message,138,success,,2023-01-20 00:36:18
1184,29,write_message,139,success,,2023-01-20 06:18:19
1185,12,write_message,140,success,,2023-01-20 23:51:46
1186,,first_visit,,success,,2023-01-21 04:04:46
1187,,first_visit,,success,,2023-01-21 01:05:23
1188,,first_visit,,success,,2023-01-21 11:34:26
1189,,first_visit,,success,,2023-01-21 05:42:00
1190,,first_visit,,success,,2023-01-21 12:57:01
1191,,first_visit,,success,,2023-01-21 01:12:23
1192,,first_visit,,success,,2023-01-21 22:37:57
1193,,first_visit,,success,,2023-01-21 22:08:11
1194,,first_visit,,success,,2023-01-21 18:17:56
1195,139,registration,139,success,,2023-01-21 03:11:35
1196,140,registration,140,success,,2023-01-21 18:59:51
1197,141,registration,141,success,,2023-01-21 18:22:46
1198,142,registration,142,success,,2023-01-21 06:43:00
1199,143,registration,143,success,,2023-01-21 00:25:11
1200,144,registration,144,success,,2023-01-21 07:28:05
1201,145,registration,145,success,,2023-01-21 14:41:43
1202,146,registration,146,success,,2023-01-21 14:50:11
1203,147,registration,147,success,,2023-01-21 12:11:32
1204,103,login,,success,,2023-01-21 14:09:35
1205,18,login,,success,,2023-01-21 16:27:57
1206,52,login,,success,,2023-01-21 14:26:05
1207,72,login,,success,,2023-01-21 14:42:06
1208,118,login,,success,,2023-01-21 20:39:17
1209,63,logout,,success,,2023-01-21 02:12:29
1210,103,logout,,success,,2023-01-21 14:32:43
1211,121,logout,,success,,2023-01-21 17:48:26
1212,70,logout,,success,,2023-01-21 12:29:56
1213,1,logout,,success,,2023-01-21 12:17:48
1214,114,create_topic,109,success,,2023-01-21 07:37:48
1215,23,create_topic,110,success,,2023-01-21 05:08:15
1216,138,create_topic,111,success,,2023-01-21 14:17:36
1217,,create_topic,,error,User not logged in,2023-01-21 23:47:19
1218,,create_topic,,error,User not logged in,2023-01-21 16:24:25
1219,79,enter_topic,,success,,2023-01-21 14:29:35
1220,109,enter_topic,,success,,2023-01-21 22:38:47
1221,100,enter_topic,,success,,2023-01-21 19:06:46
1222,114,enter_topic,,success,,2023-01-21 05:07:18
1223,30,enter_topic,,success,,2023-01-21 21:37:14
1224,54,enter_topic,,success,,2023-01-21 05:22:00
1225,24,enter_topic,,success,,2023-01-21 20:16:58
1226,12,enter_topic,,success,,2023-01-21 10:19:01
1227,146,enter_topic,,success,,2023-01-21 15:17:06
1228,81,delete_topic,,success,,2023-01-21 12:49:33
1229,4,delete_topic,,success,,2023-01-21 10:46:57
1230,11,delete_topic,,success,,2023-01-21 19:41:03
1231,104,delete_topic,,success,,2023-01-21 23:08:53
1232,100,delete_topic,,success,,2023-01-21 09:03:33
1233,93,delete_topic,,success,,2023-01-21 21:45:07
1234,,write_message,141,success,,2023-01-21 17:48:12
1235,125,write_message,142,success,,2023-01-21 21:52:00
1236,,write_message,143,success,,2023-01-21 00:37:06
1237,82,write_message,144,success,,2023-01-21 07:20:21
1238,,write_message,145,success,,2023-01-21 15:08:09
1239,84,write_message,146,success,,2023-01-21 15:47:30
1240,,first_visit,,success,,2023-01-22 07:48:42
1241,,first_visit,,success,,2023-01-22 08:13:00
1242,,first_visit,,success,,2023-01-22 08:27:47
1243,,first_visit,,success,,2023-01-22 22:42:49
1244,,first_visit,,success,,2023-01-22 03:15:13
1245,,first_visit,,success,,2023-01-22 06:55:50
1246,,first_visit,,success,,2023-01-22 01:31:22
1247,,first_visit,,success,,2023-01-22 10:37:51
1248,148,registration,148,success,,2023-01-22 23:10:17
1249,149,registration,149,success,,2023-01-22 01:20:40
1250,150,registration,150,success,,2023-01-22 10:54:14
1251,151,registration,151,success,,2023-01-22 20:13:54
1252,152,registration,152,success,,2023-01-22 06:26:01
1253,153,registration,153,success,,2023-01-22 21:43:51
1254,154,registration,154,success,,2023-01-22 04:40:57
1255,155,registration,155,success,,2023-01-22 23:01:55
1256,156,registration,156,success,,2023-01-22 16:48:42
1257,157,registration,157,success,,2023-01-22 20:20:06
1258,90,login,,success,,2023-01-22 10:44:11
1259,38,login,,success,,2023-01-22 18:09:07
1260,23,login,,success,,2023-01-22 00:35:47
1261,19,login,,success,,2023-01-22 13:01:39
1262,139,login,,success,,2023-01-22 00:52:45
1263,60,login,,success,,2023-01-22 04:33:22
1264,118,login,,success,,2023-01-22 16:30:17
1265,1,logout,,success,,2023-01-22 15:16:35
1266,18,logout,,success,,2023-01-22 06:15:09
1267,133,logout,,success,,2023-01-22 19:47:08
1268,127,logout,,success,,2023-01-22 01:39:28
1269,1,logout,,success,,2023-01-22 01:03:34
1270,114,logout,,success,,2023-01-22 20:48:17
1271,86,logout,,success,,2023-01-22 10:23:20
1272,16,create_topic,112,success,,2023-01-22 12:56:53
1273,90,create_topic,113,success,,2023-01-22 14:39:26
1274,128,create_topic,114,success,,2023-01-22 12:17:49
1275,147,create_topic,115,success,,2023-01-22 14:35:33
1276,57,create_topic,116,success,,2023-01-22 21:55:53
1277,150,create_topic,117,success,,2023-01-22 17:14:45
1278,,create_topic,,error,User not logged in,2023-01-22 16:29:37
1279,,create_topic,,error,User not logged in,2023-01-22 05:39:20
1280,83,enter_topic,,success,,2023-01-22 09:29:54
1281,47,enter_topic,,success,,2023-01-22 16:07:10
1282,127,enter_topic,,success,,2023-01-22 00:32:19
1283,131,enter_topic,,success,,2023-01-22 06:53:46
1284,16,enter_topic,,success,,2023-01-22 03:36:13
1285,156,delete_topic,,success,,2023-01-22 12:56:01
1286,120,delete_topic,,success,,2023-01-22 05:36:14
1287,145,delete_topic,,success,,2023-01-22 09:45:11
1288,150,delete_topic,,success,,2023-01-22 22:41:45
1289,26,delete_topic,,success,,2023-01-22 19:36:13
1290,152,delete_topic,,success,,2023-01-22 20:42:26
1291,93,delete_topic,,success,,2023-01-22 15:41:38
1292,13,delete_topic,,success,,2023-01-22 15:52:55
1293,,write_message,147,success,,2023-01-22 11:10:34
1294,99,write_message,148,success,,2023-01-22 01:37:57
1295,,write_message,149,success,,2023-01-22 15:46:59
1296,,write_message,150,success,,2023-01-22 21:44:57
1297,96,write_message,151,success,,2023-01-22 18:26:19
1298,151,write_message,152,success,,2023-01-22 22:12:09
1299,,write_message,153,success,,2023-01-22 00:36:32
1300,,write_message,154,success,,2023-01-22 05:59:40
1301,20,write_message,155,success,,2023-01-22 07:26:35
1302,51,write_message,156,success,,2023-01-22 12:14:42
1303,,first_visit,,success,,2023-01-23 10:28:05
1304,,first_visit,,success,,2023-01-23 17:47:07
1305,,first_visit,,success,,2023-01-23 10:21:53
1306,,first_visit,,success,,2023-01-23 07:06:40
1307,,first_visit,,success,,2023-01-23 15:55:29
1308,,first_visit,,success,,2023-01-23 00:32:15
1309,,first_visit,,success,,2023-01-23 10:03:45
1310,,first_visit,,success,,2023-01-23 16:18:04
1311,,first_visit,,success,,2023-01-23 00:10:55
1312,158,registration,158,success,,2023-01-23 07:52:41
1313,159,registration,159,success,,2023-01-23 21:54:13
1314,160,registration,160,success,,2023-01-23 12:44:18
1315,161,registration,161,success,,2023-01-23 06:00:22
1316,162,registration,162,success,,2023-01-23 05:16:20
1317,163,registration,163,success,,2023-01-23 00:23:54
1318,131,login,,success,,2023-01-23 20:58:04
1319,6,login,,success,,2023-01-23 14:16:57
1320,91,login,,success,,2023-01-23 20:43:41
1321,47,login,,success,,2023-01-23 01:38:25
1322,13,login,,success,,2023-01-23 15:11:25
1323,72,login,,success,,2023-01-23 18:13:31
1324,148,login,,success,,2023-01-23 16:42:29
1325,134,login,,success,,2023-01-23 06:30:27
1326,78,login,,success,,2023-01-23 09:27:01
1327,39,logout,,success,,2023-01-23 04:05:25
1328,124,logout,,success,,2023-01-23 08:01:31
1329,104,logout,,success,,2023-01-23 03:18:04
1330,10,logout,,success,,2023-01-23 10:54:41
1331,91,logout,,success,,2023-01-23 10:42:18
1332,28,logout,,success,,2023-01-23 01:35:57
1333,39,logout,,success,,2023-01-23 01:11:42
1334,124,create_topic,118,success,,2023-01-23 18:29:32
1335,72,create_topic,119,success,,2023-01-23 11:07:49
1336,29,create_topic,120,success,,2023-01-23 07:52:14
1337,110,create_topic,121,success,,2023-01-23 23:35:05
1338,131,create_topic,122,success,,2023-01-23 08:02:28
1339,128,create_topic,123,success,,2023-01-23 03:56:40
1340,,create_topic,,error,User not logged in,2023-01-23 22:31:02
1341,,create_topic,,error,User not logged in,2023-01-23 19:47:49
1342,8,enter_topic,,success,,2023-01-23 08:16:24
1343,137,enter_topic,,success,,2023-01-23 08:43:37
1344,155,enter_topic,,success,,2023-01-23 08:43:12
1345,35,enter_topic,,success,,2023-01-23 08:11:43
1346,24,enter_topic,,success,,2023-01-23 14:26:38
1347,4,enter_topic,,success,,2023-01-23 16:39:05
1348,46,enter_topic,,success,,2023-01-23 04:43:32
1349,91,enter_topic,,success,,2023-01-23 14:35:48
1350,10,enter_topic,,success,,2023-01-23 16:13:08
1351,25,delete_topic,,success,,2023-01-23 23:41:06
1352,78,delete_topic,,success,,2023-01-23 11:50:02
1353,56,delete_topic,,success,,2023-01-23 09:10:35
1354,145,delete_topic,,success,,2023-01-23 21:40:49
1355,92,delete_topic,,success,,2023-01-23 07:37:30
1356,32,delete_topic,,success,,2023-01-23 06:48:08
1357,144,delete_topic,,success,,2023-01-23 13:36:52
1358,26,delete_topic,,success,,2023-01-23 14:02:39
1359,28,delete_topic,,success,,2023-01-23 23:55:14
1360,108,write_message,157,success,,2023-01-23 23:08:46
1361,,write_message,158,success,,2023-01-23 06:23:34
1362,90,write_message,159,success,,2023-01-23 04:18:20
1363,,write_message,160,success,,2023-01-23 21:16:24
1364,,write_message,161,success,,2023-01-23 00:05:37
1365,151,write_message,162,success,,2023-01-23 08:36:03
1366,,write_message,163,success,,2023-01-23 15:42:08
1367,,write_message,164,success,,2023-01-23 13:06:12
1368,,first_visit,,success,,2023-01-24 07:06:44
1369,,first_visit,,success,,2023-01-24 09:13:09
1370,,first_visit,,success,,2023-01-24 18:50:31
1371,,first_visit,,success,,2023-01-24 02:19:19
1372,,first_visit,,success,,2023-01-24 21:51:29
1373,,first_visit,,success,,2023-01-24 13:34:22
1374,,first_visit,,success,,2023-01-24 03:13:28
1375,164,registration,164,success,,2023-01-24 09:59:40
1376,165,registration,165,success,,2023-01-24 12:21:35
1377,166,registration,166,success,,2023-01-24 13:40:52
1378,167,registration,167,success,,2023-01-24 14:26:44
1379,168,registration,168,success,,2023-01-24 01:23:10
1380,169,registration,169,success,,2023-01-24 20:26:16
1381,170,registration,170,success,,2023-01-24 19:40:32
1382,171,registration,171,success,,2023-01-24 20:45:36
1383,172,registration,172,success,,2023-01-24 09:41:59
1384,166,login,,success,,2023-01-24 18:21:00
1385,167,login,,success,,2023-01-24 16:25:51
1386,110,login,,success,,2023-01-24 09:58:01
1387,86,login,,success,,2023-01-24 09:23:47
1388,25,login,,success,,2023-01-24 17:20:59
1389,96,login,,success,,2023-01-24 14:13:36
1390,121,login,,success,,2023-01-24 02:35:53
1391,49,login,,success,,2023-01-24 19:05:03
1392,90,login,,success,,2023-01-24 22:27:45
1393,143,login,,success,,2023-01-24 05:37:48
1394,46,logout,,success,,2023-01-24 07:33:09
1395,118,logout,,success,,2023-01-24 10:49:36
1396,134,logout,,success,,2023-01-24 22:40:01
1397,151,logout,,success,,2023-01-24 06:17:24
1398,134,logout,,success,,2023-01-24 18:21:08
1399,116,logout,,success,,2023-01-24 02:50:06
1400,43,create_topic,124,success,,2023-01-24 19:09:32
1401,10,create_topic,125,success,,2023-01-24 05:33:56
1402,11,create_topic,126,success,,2023-01-24 02:42:35
1403,,create_topic,,error,User not logged in,2023-01-24 09:48:05
1404,,create_topic,,error,User not logged in,2023-01-24 04:29:04
1405,142,enter_topic,,success,,2023-01-24 18:21:29
1406,60,enter_topic,,success,,2023-01-24 10:13:52
1407,93,enter_topic,,success,,2023-01-24 01:38:06
1408,165,enter_topic,,success,,2023-01-24 21:43:01
1409,24,enter_topic,,success,,2023-01-24 07:01:38
1410,63,enter_topic,,success,,2023-01-24 19:09:43
1411,78,enter_topic,,success,,2023-01-24 06:59:13
1412,130,enter_topic,,success,,2023-01-24 23:25:27
1413,166,enter_topic,,success,,2023-01-24 03:52:45
1414,102,enter_topic,,success,,2023-01-24 15:56:36
1415,26,delete_topic,,success,,2023-01-24 17:23:25
1416,170,delete_topic,,success,,2023-01-24 20:20:14
1417,47,delete_topic,,success,,2023-01-24 12:51:01
1418,34,delete_topic,,success,,2023-01-24 18:12:36
1419,95,delete_topic,,success,,2023-01-24 04:32:08
1420,158,delete_topic,,success,,2023-01-24 10:19:03
1421,144,delete_topic,,success,,2023-01-24 20:39:26
1422,129,delete_topic,,success,,2023-01-24 11:40:31
1423,40,write_message,165,success,,2023-01-24 02:14:41
1424,,write_message,166,success,,2023-01-24 10:12:00
1425,64,write_message,167,success,,2023-01-24 01:05:17
1426,,write_message,168,success,,2023-01-24 17:46:03
1427,,write_message,169,success,,2023-01-24 01:16:13
1428,53,write_message,170,success,,2023-01-24 10:37:00
1429,57,write_message,171,success,,2023-01-24 12:29:47
1430,169,write_message,172,success,,2023-01-24 19:08:35
1431,,write_message,173,success,,2023-01-24 00:11:32
1432,,first_visit,,success,,2023-01-25 16:04:00
1433,,first_visit,,success,,2023-01-25 13:29:36
1434,,first_visit,,success,,2023-01-25 10:32:26
1435,,first_visit,,success,,2023-01-25 01:09:54
1436,,first_visit,,success,,2023-01-25 04:35:38
1437,173,registration,173,success,,2023-01-25 18:03:42
1438,174,registration,174,success,,2023-01-25 07:21:56
1439,175,registration,175,success,,2023-01-25 20:53:42
1440,176,registration,176,success,,2023-01-25 17:28:47
1441,177,registration,177,success,,2023-01-25 20:03:12
1442,178,registration,178,success,,2023-01-25 13:23:59
1443,179,registration,179,success,,2023-01-25 02:29:09
1444,180,registration,180,success,,2023-01-25 20:15:37
1445,181,registration,181,success,,2023-01-25 16:19:03
1446,101,login,,success,,2023-01-25 01:08:25
1447,41,login,,success,,2023-01-25 23:46:15
1448,35,login,,success,,2023-01-25 03:33:54
1449,54,login,,success,,2023-01-25 04:14:35
1450,87,login,,success,,2023-01-25 02:50:08
1451,145,login,,success,,2023-01-25 13:18:25
1452,87,login,,success,,2023-01-25 09:58:15
1453,4,login,,success,,2023-01-25 09:47:08
1454,145,login,,success,,2023-01-25 16:41:25
1455,142,logout,,success,,2023-01-25 12:56:56
1456,139,logout,,success,,2023-01-25 00:07:43
1457,153,logout,,success,,2023-01-25 06:31:51
1458,127,logout,,success,,2023-01-25 10:58:34
1459,42,logout,,success,,2023-01-25 03:52:35
1460,40,logout,,success,,2023-01-25 12:28:52
1461,128,logout,,success,,2023-01-25 16:08:12
1462,41,logout,,success,,2023-01-25 13:55:07
1463,162,create_topic,127,success,,2023-01-25 23:58:07
1464,72,create_topic,128,success,,2023-01-25 10:02:35
1465,94,create_topic,129,success,,2023-01-25 10:55:26
1466,,create_topic,,error,User not logged in,2023-01-25 15:01:38
1467,,create_topic,,error,User not logged in,2023-01-25 14:20:42
1468,175,enter_topic,,success,,2023-01-25 18:33:55
1469,42,enter_topic,,success,,2023-01-25 07:40:36
1470,81,enter_topic,,success,,2023-01-25 02:18:00
1471,55,enter_topic,,success,,2023-01-25 18:47:47
1472,125,enter_topic,,success,,2023-01-25 05:30:11
1473,135,delete_topic,,success,,2023-01-25 05:23:37
1474,122,delete_topic,,success,,2023-01-25 09:20:55
1475,84,delete_topic,,success,,2023-01-25 10:09:13
1476,89,delete_topic,,success,,2023-01-25 04:40:11
1477,87,delete_topic,,success,,2023-01-25 01:03:07
1478,147,delete_topic,,success,,2023-01-25 08:12:06
1479,176,delete_topic,,success,,2023-01-25 17:46:40
1480,144,delete_topic,,success,,2023-01-25 02:47:39
1481,,write_message,174,success,,2023-01-25 04:10:06
1482,,write_message,175,success,,2023-01-25 03:31:51
1483,19,write_message,176,success,,2023-01-25 05:50:35
1484,,write_message,177,success,,2023-01-25 04:18:39
1485,82,write_message,178,success,,2023-01-25 10:27:18
1486,,write_message,179,success,,2023-01-25 11:53:46
1487,,first_visit,,success,,2023-01-26 15:30:43
1488,,first_visit,,success,,2023-01-26 14:24:20
1489,,first_visit,,success,,2023-01-26 04:49:28
1490,,first_visit,,success,,2023-01-26 20:16:17
1491,,first_visit,,success,,2023-01-26 23:42:13
1492,,first_visit,,success,,2023-01-26 18:45:44
1493,,first_visit,,success,,2023-01-26 00:25:06
1494,,first_visit,,success,,2023-01-26 08:38:57
1495,182,registration,182,success,,2023-01-26 09:02:29
1496,183,registration,183,success,,2023-01-26 09:29:22
1497,184,registration,184,success,,2023-01-26 17:22:24
1498,185,registration,185,success,,2023-01-26 13:46:58
1499,186,registration,186,success,,2023-01-26 03:49:22
1500,187,registration,187,success,,2023-01-26 09:11:39
1501,188,registration,188,success,,2023-01-26 16:10:58
1502,189,registration,189,success,,2023-01-26 14:46:08
1503,190,registration,190,success,,2023-01-26 22:15:41
1504,191,registration,191,success,,2023-01-26 21:50:48
1505,166,login,,success,,2023-01-26 01:30:52
1506,189,login,,success,,2023-01-26 22:32:20
1507,89,login,,success,,2023-01-26 23:44:36
1508,142,login,,success,,2023-01-26 19:30:06
1509,50,login,,success,,2023-01-26 20:07:34
1510,35,login,,success,,2023-01-26 07:20:28
1511,141,login,,success,,2023-01-26 01:27:33
1512,92,login,,success,,2023-01-26 05:46:19
1513,7,logout,,success,,2023-01-26 22:46:58
1514,18,logout,,success,,2023-01-26 02:16:09
1515,9,logout,,success,,2023-01-26 11:02:12
1516,70,logout,,success,,2023-01-26 09:07:56
1517,151,logout,,success,,2023-01-26 00:39:06
1518,161,create_topic,130,success,,2023-01-26 04:18:37
1519,151,create_topic,131,success,,2023-01-26 18:02:53
1520,54,create_topic,132,success,,2023-01-26 09:57:50
1521,54,create_topic,133,success,,2023-01-26 06:17:09
1522,121,create_topic,134,success,,2023-01-26 17:13:47
1523,56,create_topic,135,success,,2023-01-26 09:06:11
1524,86,create_topic,136,success,,2023-01-26 03:47:00
1525,,create_topic,,error,User not logged in,2023-01-26 08:02:03
1526,,create_topic,,error,User not logged in,2023-01-26 08:27:27
1527,127,enter_topic,,success,,2023-01-26 04:45:26
1528,7,enter_topic,,success,,2023-01-26 18:30:25
1529,177,enter_topic,,success,,2023-01-26 08:23:53
1530,126,enter_topic,,success,,2023-01-26 15:35:32
1531,11,enter_topic,,success,,2023-01-26 02:08:51
1532,169,delete_topic,,success,,2023-01-26 00:38:57
1533,180,delete_topic,,success,,2023-01-26 21:53:07
1534,62,delete_topic,,success,,2023-01-26 00:45:18
1535,73,delete_topic,,success,,2023-01-26 15:07:22
1536,71,delete_topic,,success,,2023-01-26 12:11:00
1537,174,delete_topic,,success,,2023-01-26 21:35:47
1538,188,delete_topic,,success,,2023-01-26 11:41:04
1539,19,delete_topic,,success,,2023-01-26 04:53:17
1540,62,delete_topic,,success,,2023-01-26 12:38:09
1541,,write_message,180,success,,2023-01-26 23:26:04
1542,134,write_message,181,success,,2023-01-26 16:16:08
1543,,write_message,182,success,,2023-01-26 15:29:22
1544,110,write_message,183,success,,2023-01-26 11:35:46
1545,115,write_message,184,success,,2023-01-26 04:00:25
1546,,first_visit,,success,,2023-01-27 14:59:05
1547,,first_visit,,success,,2023-01-27 12:55:31
1548,,first_visit,,success,,2023-01-27 05:47:29
1549,,first_visit,,success,,2023-01-27 02:20:32
1550,,first_visit,,success,,2023-01-27 13:11:50
1551,,first_visit,,success,,2023-01-27 06:18:51
1552,,first_visit,,success,,2023-01-27 12:58:31
1553,,first_visit,,success,,2023-01-27 22:31:17
1554,,first_visit,,success,,2023-01-27 14:01:52
1555,192,registration,192,success,,2023-01-27 13:07:42
1556,193,registration,193,success,,2023-01-27 00:44:36
1557,194,registration,194,success,,2023-01-27 06:25:34
1558,195,registration,195,success,,2023-01-27 02:34:06
1559,196,registration,196,success,,2023-01-27 11:46:51
1560,197,registration,197,success,,2023-01-27 09:41:02
1561,198,registration,198,success,,2023-01-27 02:39:27
1562,199,registration,199,success,,2023-01-27 13:19:31
1563,200,registration,200,success,,2023-01-27 16:07:15
1564,137,login,,success,,2023-01-27 08:54:57
1565,165,login,,success,,2023-01-27 00:16:45
1566,68,login,,success,,2023-01-27 18:57:00
1567,147,login,,success,,2023-01-27 00:13:14
1568,186,login,,success,,2023-01-27 20:00:00
1569,193,login,,success,,2023-01-27 23:41:20
1570,25,logout,,success,,2023-01-27 14:20:34
1571,157,logout,,success,,2023-01-27 15:56:06
1572,191,logout,,success,,2023-01-27 07:53:38
1573,49,logout,,success,,2023-01-27 18:34:26
1574,58,logout,,success,,2023-01-27 23:19:08
1575,100,create_topic,137,success,,2023-01-27 09:19:43
1576,47,create_topic,138,success,,2023-01-27 05:47:54
1577,30,create_topic,139,success,,2023-01-27 17:09:17
1578,41,create_topic,140,success,,2023-01-27 04:08:03
1579,86,create_topic,141,success,,2023-01-27 00:16:02
1580,180,create_topic,142,success,,2023-01-27 16:58:26
1581,,create_topic,,error,User not logged in,2023-01-27 18:07:28
1582,,create_topic,,error,User not logged in,2023-01-27 11:52:02
1583,154,enter_topic,,success,,2023-01-27 16:16:53
1584,36,enter_topic,,success,,2023-01-27 20:32:17
1585,29,enter_topic,,success,,2023-01-27 12:30:45
1586,138,enter_topic,,success,,2023-01-27 02:52:29
1587,79,enter_topic,,success,,2023-01-27 01:08:31
1588,195,enter_topic,,success,,2023-01-27 01:57:34
1589,30,enter_topic,,success,,2023-01-27 01:41:40
1590,184,enter_topic,,success,,2023-01-27 23:11:06
1591,162,delete_topic,,success,,2023-01-27 18:43:13
1592,31,delete_topic,,success,,2023-01-27 20:34:37
1593,47,delete_topic,,success,,2023-01-27 03:19:49
1594,77,delete_topic,,success,,2023-01-27 17:00:40
1595,175,delete_topic,,success,,2023-01-27 18:59:48
1596,188,write_message,185,success,,2023-01-27 12:42:16
1597,,write_message,186,success,,2023-01-27 06:16:12
1598,,write_message,187,success,,2023-01-27 15:13:14
1599,63,write_message,188,success,,2023-01-27 23:04:05
1600,111,write_message,189,success,,2023-01-27 18:09:14
1601,,first_visit,,success,,2023-01-28 16:04:35
1602,,first_visit,,success,,2023-01-28 04:15:03
1603,,first_visit,,success,,2023-01-28 22:22:36
1604,,first_visit,,success,,2023-01-28 03:09:24
1605,,first_visit,,success,,2023-01-28 07:10:15
1606,,first_visit,,success,,2023-01-28 15:01:41
1607,,first_visit,,success,,2023-01-28 23:38:00
1608,201,registration,201,success,,2023-01-28 22:49:04
1609,202,registration,202,success,,2023-01-28 21:23:15
1610,203,registration,203,success,,2023-01-28 20:07:25
1611,204,registration,204,success,,2023-01-28 07:13:58
1612,205,registration,205,success,,2023-01-28 10:27:01
1613,206,registration,206,success,,2023-01-28 23:55:55
1614,91,login,,success,,2023-01-28 07:32:28
1615,143,login,,success,,2023-01-28 03:25:33
1616,32,login,,success,,2023-01-28 13:12:46
1617,179,login,,success,,2023-01-28 02:42:22
1618,24,login,,success,,2023-01-28 10:41:18
1619,106,login,,success,,2023-01-28 07:14:09
1620,198,logout,,success,,2023-01-28 11:48:39
1621,94,logout,,success,,2023-01-28 02:18:17
1622,2,logout,,success,,2023-01-28 21:26:13
1623,145,logout,,success,,2023-01-28 20:38:54
1624,194,logout,,success,,2023-01-28 11:12:52
1625,77,logout,,success,,2023-01-28 20:47:30
1626,156,logout,,success,,2023-01-28 22:48:48
1627,34,logout,,success,,2023-01-28 20:45:03
1628,102,logout,,success,,2023-01-28 05:32:30
1629,90,logout,,success,,2023-01-28 01:39:13
1630,194,create_topic,143,success,,2023-01-28 14:25:23
1631,110,create_topic,144,success,,2023-01-28 23:31:46
1632,91,create_topic,145,success,,2023-01-28 18:36:31
1633,34,create_topic,146,success,,2023-01-28 06:52:51
1634,,create_topic,,error,User not logged in,2023-01-28 07:54:36
1635,,create_topic,,error,User not logged in,2023-01-28 11:08:54
1636,68,enter_topic,,success,,2023-01-28 19:35:31
1637,100,enter_topic,,success,,2023-01-28 23:58:06
1638,192,enter_topic,,success,,2023-01-28 06:27:30
1639,34,enter_topic,,success,,2023-01-28 15:18:38
1640,123,enter_topic,,success,,2023-01-28 14:00:16
1641,166,enter_topic,,success,,2023-01-28 15:41:44
1642,103,delete_topic,,success,,2023-01-28 09:35:45
1643,132,delete_topic,,success,,2023-01-28 02:04:21
1644,174,delete_topic,,success,,2023-01-28 21:23:12
1645,74,delete_topic,,success,,2023-01-28 21:06:06
1646,84,delete_topic,,success,,2023-01-28 22:31:01
1647,128,delete_topic,,success,,2023-01-28 03:44:45
1648,,write_message,190,success,,2023-01-28 13:41:07
1649,,write_message,191,success,,2023-01-28 14:36:26
1650,,write_message,192,success,,2023-01-28 04:28:19
1651,,write_message,193,success,,2023-01-28 12:04:33
1652,,write_message,194,success,,2023-01-28 04:24:48
1653,114,write_message,195,success,,2023-01-28 21:54:29
1654,,first_visit,,success,,2023-01-29 08:39:16
1655,,first_visit,,success,,2023-01-29 06:52:09
1656,,first_visit,,success,,2023-01-29 13:58:52
1657,,first_visit,,success,,2023-01-29 14:39:33
1658,,first_visit,,success,,2023-01-29 05:33:15
1659,,first_visit,,success,,2023-01-29 22:25:58
1660,,first_visit,,success,,2023-01-29 13:30:07
1661,,first_visit,,success,,2023-01-29 00:02:11
1662,207,registration,207,success,,2023-01-29 03:22:25
1663,208,registration,208,success,,2023-01-29 15:20:28
1664,209,registration,209,success,,2023-01-29 14:43:52
1665,210,registration,210,success,,2023-01-29 15:52:58
1666,211,registration,211,success,,2023-01-29 21:12:37
1667,212,registration,212,success,,2023-01-29 21:48:12
1668,213,registration,213,success,,2023-01-29 07:22:55
1669,214,registration,214,success,,2023-01-29 02:37:56
1670,215,registration,215,success,,2023-01-29 11:39:46
1671,21,login,,success,,2023-01-29 08:12:19
1672,187,login,,success,,2023-01-29 03:28:40
1673,191,login,,success,,2023-01-29 18:03:00
1674,71,login,,success,,2023-01-29 12:52:53
1675,28,login,,success,,2023-01-29 05:42:13
1676,41,login,,success,,2023-01-29 23:29:57
1677,215,login,,success,,2023-01-29 04:21:27
1678,183,login,,success,,2023-01-29 19:41:57
1679,52,login,,success,,2023-01-29 18:09:28
1680,146,login,,success,,2023-01-29 07:55:53
1681,87,logout,,success,,2023-01-29 04:02:28
1682,202,logout,,success,,2023-01-29 20:28:09
1683,205,logout,,success,,2023-01-29 11:39:06
1684,124,logout,,success,,2023-01-29 02:33:48
1685,51,logout,,success,,2023-01-29 10:15:46
1686,87,logout,,success,,2023-01-29 02:37:01
1687,39,logout,,success,,2023-01-29 12:57:18
1688,39,logout,,success,,2023-01-29 20:46:10
1689,201,create_topic,147,success,,2023-01-29 16:12:26
1690,150,create_topic,148,success,,2023-01-29 11:20:09
1691,42,create_topic,149,success,,2023-01-29 02:23:45
1692,171,create_topic,150,success,,2023-01-29 11:01:35
1693,44,create_topic,151,success,,2023-01-29 08:33:44
1694,48,create_topic,152,success,,2023-01-29 17:43:34
1695,100,create_topic,153,success,,2023-01-29 00:21:19
1696,,create_topic,,error,User not logged in,2023-01-29 17:17:42
1697,,create_topic,,error,User not logged in,2023-01-29 12:26:48
1698,160,enter_topic,,success,,2023-01-29 11:50:32
1699,8,enter_topic,,success,,2023-01-29 18:31:19
1700,23,enter_topic,,success,,2023-01-29 20:50:23
1701,45,enter_topic,,success,,2023-01-29 03:22:05
1702,127,enter_topic,,success,,2023-01-29 04:08:02
1703,138,enter_topic,,success,,2023-01-29 00:40:23
1704,44,enter_topic,,success,,2023-01-29 09:17:03
1705,148,enter_topic,,success,,2023-01-29 07:05:40
1706,131,enter_topic,,success,,2023-01-29 10:25:33
1707,142,enter_topic,,success,,2023-01-29 00:22:35
1708,98,delete_topic,,success,,2023-01-29 23:29:10
1709,29,delete_topic,,success,,2023-01-29 18:32:05
1710,26,delete_topic,,success,,2023-01-29 13:59:38
1711,183,delete_topic,,success,,2023-01-29 13:30:15
1712,144,delete_topic,,success,,2023-01-29 01:27:45
1713,15,delete_topic,,success,,2023-01-29 02:28:30
1714,71,delete_topic,,success,,2023-01-29 18:05:12
1715,123,delete_topic,,success,,2023-01-29 02:48:15
1716,107,delete_topic,,success,,2023-01-29 20:59:50
1717,,write_message,196,success,,2023-01-29 19:08:57
1718,,write_message,197,success,,2023-01-29 18:16:54
1719,,write_message,198,success,,2023-01-29 15:59:41
1720,129,write_message,199,success,,2023-01-29 09:46:28
1721,44,write_message,200,success,,2023-01-29 02:03:16
1722,,write_message,201,success,,2023-01-29 12:21:12
1723,,write_message,202,success,,2023-01-29 15:05:58
1724,,write_message,203,success,,2023-01-29 14:25:57
1725,,write_message,204,success,,2023-01-29 12:57:19
1726,128,write_message,205,success,,2023-01-29 19:56:05
1727,,first_visit,,success,,2023-01-30 10:33:19
1728,,first_visit,,success,,2023-01-30 12:28:40
1729,,first_visit,,success,,2023-01-30 13:50:09
1730,,first_visit,,success,,2023-01-30 23:14:10
1731,,first_visit,,success,,2023-01-30 22:01:56
1732,216,registration,216,success,,2023-01-30 17:19:45
1733,217,registration,217,success,,2023-01-30 03:37:52
1734,218,registration,218,success,,2023-01-30 11:20:34
1735,219,registration,219,success,,2023-01-30 09:40:28
1736,220,registration,220,success,,2023-01-30 23:07:44
1737,221,registration,221,success,,2023-01-30 07:32:38
1738,222,registration,222,success,,2023-01-30 08:15:23
1739,223,registration,223,success,,2023-01-30 17:26:09
1740,224,registration,224,success,,2023-01-30 09:42:21
1741,225,registration,225,success,,2023-01-30 00:22:41
1742,53,login,,success,,2023-01-30 14:21:33
1743,193,login,,success,,2023-01-30 03:46:31
1744,90,login,,success,,2023-01-30 14:47:16
1745,148,login,,success,,2023-01-30 14:21:30
1746,190,login,,success,,2023-01-30 18:11:21
1747,215,login,,success,,2023-01-30 18:17:19
1748,210,login,,success,,2023-01-30 00:21:00
1749,11,login,,success,,2023-01-30 15:05:32
1750,62,login,,success,,2023-01-30 09:14:05
1751,73,login,,success,,2023-01-30 09:13:23
1752,83,logout,,success,,2023-01-30 22:10:58
1753,164,logout,,success,,2023-01-30 13:26:06
1754,104,logout,,success,,2023-01-30 02:35:01
1755,30,logout,,success,,2023-01-30 13:30:33
1756,116,logout,,success,,2023-01-30 03:52:59
1757,206,logout,,success,,2023-01-30 05:25:02
1758,138,create_topic,154,success,,2023-01-30 04:48:15
1759,78,create_topic,155,success,,2023-01-30 18:49:49
1760,189,create_topic,156,success,,2023-01-30 16:27:05
1761,82,create_topic,157,success,,2023-01-30 15:25:26
1762,,create_topic,,error,User not logged in,2023-01-30 21:04:16
1763,,create_topic,,error,User not logged in,2023-01-30 17:24:12
1764,152,enter_topic,,success,,2023-01-30 09:30:10
1765,197,enter_topic,,success,,2023-01-30 00:59:43
1766,121,enter_topic,,success,,2023-01-30 21:29:54
1767,114,enter_topic,,success,,2023-01-30 14:20:17
1768,18,enter_topic,,success,,2023-01-30 19:43:07
1769,31,enter_topic,,success,,2023-01-30 10:52:26
1770,116,enter_topic,,success,,2023-01-30 02:32:43
1771,203,enter_topic,,success,,2023-01-30 06:09:23
1772,19,delete_topic,,success,,2023-01-30 12:31:38
1773,186,delete_topic,,success,,2023-01-30 01:34:31
1774,32,delete_topic,,success,,2023-01-30 21:42:48
1775,90,delete_topic,,success,,2023-01-30 21:23:59
1776,153,delete_topic,,success,,2023-01-30 09:08:39
1777,81,write_message,206,success,,2023-01-30 21:59:57
1778,,write_message,207,success,,2023-01-30 00:16:56
1779,,write_message,208,success,,2023-01-30 04:39:34
1780,101,write_message,209,success,,2023-01-30 19:37:54
1781,,write_message,210,success,,2023-01-30 19:29:32
1782,19,write_message,211,success,,2023-01-30 23:28:34
1783,205,write_message,212,success,,2023-01-30 14:27:58
1784,,first_visit,,success,,2023-01-31 10:47:51
1785,,first_visit,,success,,2023-01-31 12:03:11
1786,,first_visit,,success,,2023-01-31 19:45:56
1787,,first_visit,,success,,2023-01-31 09:11:33
1788,,first_visit,,success,,2023-01-31 03:46:38
1789,,first_visit,,success,,2023-01-31 23:07:25
1790,,first_visit,,success,,2023-01-31 16:27:56
1791,226,registration,226,success,,2023-01-31 14:24:35
1792,227,registration,227,success,,2023-01-31 00:00:36
1793,228,registration,228,success,,2023-01-31 02:06:52
1794,229,registration,229,success,,2023-01-31 12:15:38
1795,230,registration,230,success,,2023-01-31 01:20:22
1796,208,login,,success,,2023-01-31 21:56:15
1797,69,login,,success,,2023-01-31 13:28:24
1798,39,login,,success,,2023-01-31 18:03:12
1799,11,login,,success,,2023-01-31 07:22:02
1800,229,login,,success,,2023-01-31 19:03:44
1801,154,login,,success,,2023-01-31 19:52:48
1802,213,logout,,success,,2023-01-31 20:54:32
1803,69,logout,,success,,2023-01-31 04:22:13
1804,143,logout,,success,,2023-01-31 17:21:08
1805,118,logout,,success,,2023-01-31 01:00:23
1806,20,logout,,success,,2023-01-31 18:39:44
1807,44,logout,,success,,2023-01-31 03:46:49
1808,87,logout,,success,,2023-01-31 19:30:59
1809,177,logout,,success,,2023-01-31 05:48:05
1810,57,logout,,success,,2023-01-31 00:32:58
1811,83,logout,,success,,2023-01-31 06:00:52
1812,197,create_topic,158,success,,2023-01-31 19:14:01
1813,179,create_topic,159,success,,2023-01-31 14:16:24
1814,223,create_topic,160,success,,2023-01-31 11:37:58
1815,10,create_topic,161,success,,2023-01-31 14:09:30
1816,,create_topic,,error,User not logged in,2023-01-31 13:59:56
1817,,create_topic,,error,User not logged in,2023-01-31 09:02:59
1818,56,enter_topic,,success,,2023-01-31 17:48:58
1819,202,enter_topic,,success,,2023-01-31 08:00:46
1820,141,enter_topic,,success,,2023-01-31 09:45:16
1821,21,enter_topic,,success,,2023-01-31 15:32:10
1822,219,enter_topic,,success,,2023-01-31 16:09:53
1823,134,enter_topic,,success,,2023-01-31 15:07:31
1824,38,enter_topic,,success,,2023-01-31 04:48:29
1825,44,enter_topic,,success,,2023-01-31 03:59:06
1826,93,enter_topic,,success,,2023-01-31 05:06:56
1827,75,delete_topic,,success,,2023-01-31 08:28:00
1828,79,delete_topic,,success,,2023-01-31 12:33:52
1829,18,delete_topic,,success,,2023-01-31 19:29:35
1830,188,delete_topic,,success,,2023-01-31 08:04:59
1831,38,delete_topic,,success,,2023-01-31 10:25:23
1832,96,delete_topic,,success,,2023-01-31 09:46:02
1833,133,delete_topic,,success,,2023-01-31 16:26:08
1834,177,delete_topic,,success,,2023-01-31 05:48:04
1835,220,write_message,213,success,,2023-01-31 16:41:16
1836,64,write_message,214,success,,2023-01-31 10:57:17
1837,,write_message,215,success,,2023-01-31 03:28:18
1838,,write_message,216,success,,2023-01-31 04:54:56
1839,,write_message,217,success,,2023-01-31 00:43:15
1840,,write_message,218,success,,2023-01-31 00:15:49
