message_id,topic_id,user_id,content,created_at
1,4,,Message 1 content,2023-01-01 21:42:40
2,1,,Message 2 content,2023-01-01 04:18:21
3,2,,Message 3 content,2023-01-01 21:06:02
4,1,,Message 4 content,2023-01-01 10:27:49
5,1,1,Message 5 content,2023-01-01 07:53:35
6,6,6,Message 6 content,2023-01-02 10:21:03
7,11,3,Message 7 content,2023-01-02 03:33:22
8,8,5,Message 8 content,2023-01-02 02:06:29
9,2,,Message 9 content,2023-01-02 18:11:54
10,8,8,Message 10 content,2023-01-02 19:49:05
11,7,,Message 11 content,2023-01-02 01:53:08
12,5,,Message 12 content,2023-01-02 14:28:14
13,8,,Message 13 content,2023-01-02 01:12:58
14,4,,Message 14 content,2023-01-02 20:54:06
15,4,,Message 15 content,2023-01-02 07:14:25
16,16,6,Message 16 content,2023-01-03 00:57:38
17,1,,Message 17 content,2023-01-03 03:07:39
18,8,,Message 18 content,2023-01-03 01:49:01
19,2,15,Message 19 content,2023-01-03 16:13:52
20,5,6,Message 20 content,2023-01-03 09:29:03
21,12,,Message 21 content,2023-01-03 21:34:35
22,11,17,Message 22 content,2023-01-03 01:09:45
23,12,,Message 23 content,2023-01-03 16:55:16
24,18,,Message 24 content,2023-01-04 15:22:36
25,17,18,Message 25 content,2023-01-04 04:42:57
26,17,15,Message 26 content,2023-01-04 10:24:13
27,3,2,Message 27 content,2023-01-04 03:19:02
28,5,25,Message 28 content,2023-01-04 17:01:26
29,20,,Message 29 content,2023-01-04 11:09:54
30,5,,Message 30 content,2023-01-04 23:10:16
31,17,,Message 31 content,2023-01-05 05:16:16
32,11,,Message 32 content,2023-01-05 08:39:20
33,22,5,Message 33 content,2023-01-05 14:58:50
34,12,31,Message 34 content,2023-01-05 08:46:39
35,10,10,Message 35 content,2023-01-05 23:34:18
36,25,,Message 36 content,2023-01-05 13:57:45
37,6,,Message 37 content,2023-01-05 15:29:32
38,19,,Message 38 content,2023-01-06 12:29:33
39,15,4,Message 39 content,2023-01-06 06:52:44
40,21,,Message 40 content,2023-01-06 01:05:27
41,5,5,Message 41 content,2023-01-06 05:26:07
42,19,,Message 42 content,2023-01-06 03:37:27
43,2,,Message 43 content,2023-01-07 06:59:25
44,6,12,Message 44 content,2023-01-07 03:27:07
45,23,27,Message 45 content,2023-01-07 23:26:10
46,10,36,Message 46 content,2023-01-07 06:29:01
47,21,,Message 47 content,2023-01-07 14:39:33
48,34,20,Message 48 content,2023-01-07 08:39:33
49,4,24,Message 49 content,2023-01-07 16:42:45
50,22,,Message 50 content,2023-01-07 09:36:14
51,8,9,Message 51 content,2023-01-07 12:03:48
52,25,,Message 52 content,2023-01-07 03:49:23
53,42,,Message 53 content,2023-01-08 03:02:25
54,13,,Message 54 content,2023-01-08 18:31:45
55,22,40,Message 55 content,2023-01-08 17:47:51
56,35,,Message 56 content,2023-01-08 07:16:13
57,28,42,Message 57 content,2023-01-08 21:17:50
58,13,,Message 58 content,2023-01-08 18:13:17
59,8,,Message 59 content,2023-01-09 21:23:17
60,19,,Message 60 content,2023-01-09 14:02:05
61,39,52,Message 61 content,2023-01-09 21:05:30
62,18,43,Message 62 content,2023-01-09 03:53:51
63,8,30,Message 63 content,2023-01-09 21:57:37
64,11,50,Message 64 content,2023-01-09 13:37:18
65,5,41,Message 65 content,2023-01-09 05:20:41
66,36,,Message 66 content,2023-01-09 07:31:31
67,16,7,Message 67 content,2023-01-09 16:01:43
68,5,24,Message 68 content,2023-01-09 14:00:00
69,3,,Message 69 content,2023-01-10 22:54:19
70,4,60,Message 70 content,2023-01-10 04:12:39
71,39,,Message 71 content,2023-01-10 11:32:46
72,43,,Message 72 content,2023-01-10 04:03:18
73,31,34,Message 73 content,2023-01-10 08:30:58
74,35,,Message 74 content,2023-01-10 10:52:59
75,6,,Message 75 content,2023-01-11 21:02:59
76,27,,Message 76 content,2023-01-11 10:25:31
77,17,,Message 77 content,2023-01-11 16:11:43
78,4,,Message 78 content,2023-01-11 15:21:39
79,17,,Message 79 content,2023-01-11 04:49:44
80,42,10,Message 80 content,2023-01-11 11:15:11
81,26,74,Message 81 content,2023-01-12 19:08:00
82,14,63,Message 82 content,2023-01-12 02:56:39
83,63,50,Message 83 content,2023-01-12 01:15:39
84,40,18,Message 84 content,2023-01-12 13:46:49
85,58,76,Message 85 content,2023-01-12 12:54:58
86,35,,Message 86 content,2023-01-12 23:17:04
87,35,10,Message 87 content,2023-01-12 10:14:46
88,32,,Message 88 content,2023-01-12 11:04:38
89,11,69,Message 89 content,2023-01-12 13:58:11
90,10,55,Message 90 content,2023-01-12 00:27:45
91,3,,Message 91 content,2023-01-13 12:46:04
92,70,61,Message 92 content,2023-01-13 23:13:54
93,50,61,Message 93 content,2023-01-13 14:08:11
94,72,70,Message 94 content,2023-01-13 03:58:31
95,43,41,Message 95 content,2023-01-13 22:49:21
96,47,58,Message 96 content,2023-01-14 01:00:57
97,54,21,Message 97 content,2023-01-14 23:51:36
98,24,,Message 98 content,2023-01-14 04:15:03
99,23,,Message 99 content,2023-01-14 11:12:27
100,72,,Message 100 content,2023-01-14 22:31:43
101,1,14,Message 101 content,2023-01-15 04:13:32
102,16,,Message 102 content,2023-01-15 13:24:27
103,37,,Message 103 content,2023-01-15 03:16:59
104,11,,Message 104 content,2023-01-15 14:56:24
105,51,7,Message 105 content,2023-01-15 11:30:58
106,71,,Message 106 content,2023-01-16 17:09:57
107,69,27,Message 107 content,2023-01-16 14:45:57
108,1,,Message 108 content,2023-01-16 11:27:45
109,47,,Message 109 content,2023-01-16 08:22:49
110,67,16,Message 110 content,2023-01-16 21:49:12
111,60,65,Message 111 content,2023-01-16 04:42:58
112,67,88,Message 112 content,2023-01-17 07:42:21
113,33,14,Message 113 content,2023-01-17 06:15:24
114,93,,Message 114 content,2023-01-17 06:13:45
115,45,,Message 115 content,2023-01-17 13:47:44
116,31,14,Message 116 content,2023-01-17 00:36:11
117,89,38,Message 117 content,2023-01-18 02:56:23
118,24,,Message 118 content,2023-01-18 08:36:29
119,91,51,Message 119 content,2023-01-18 20:13:41
120,76,19,Message 120 content,2023-01-18 19:16:43
121,57,95,Message 121 content,2023-01-18 23:58:00
122,23,,Message 122 content,2023-01-18 01:21:41
123,86,,Message 123 content,2023-01-18 13:00:13
124,53,115,Message 124 content,2023-01-18 20:29:30
125,20,106,Message 125 content,2023-01-18 07:02:34
126,72,4,Message 126 content,2023-01-19 03:30:58
127,47,,Message 127 content,2023-01-19 01:21:50
128,80,84,Message 128 content,2023-01-19 22:40:12
129,35,,Message 129 content,2023-01-19 00:44:20
130,51,75,Message 130 content,2023-01-19 17:12:01
131,89,119,Message 131 content,2023-01-19 03:40:08
132,71,,Message 132 content,2023-01-19 11:14:55
133,19,108,Message 133 content,2023-01-19 09:04:23
134,20,,Message 134 content,2023-01-19 20:24:54
135,4,,Message 135 content,2023-01-19 08:22:44
136,104,102,Message 136 content,2023-01-20 00:14:39
137,4,50,Message 137 content,2023-01-20 17:49:10
138,26,,Message 138 content,2023-01-20 00:36:18
139,62,29,Message 139 content,2023-01-20 06:18:19
140,44,12,Message 140 content,2023-01-20 23:51:46
141,13,,Message 141 content,2023-01-21 17:48:12
142,96,125,Message 142 content,2023-01-21 21:52:00
143,93,,Message 143 content,2023-01-21 00:37:06
144,72,82,Message 144 content,2023-01-21 07:20:21
145,33,,Message 145 content,2023-01-21 15:08:09
146,53,84,Message 146 content,2023-01-21 15:47:30
147,41,,Message 147 content,2023-01-22 11:10:34
148,48,99,Message 148 content,2023-01-22 01:37:57
149,45,,Message 149 content,2023-01-22 15:46:59
150,33,,Message 150 content,2023-01-22 21:44:57
151,61,96,Message 151 content,2023-01-22 18:26:19
152,37,151,Message 152 content,2023-01-22 22:12:09
153,44,,Message 153 content,2023-01-22 00:36:32
154,92,,Message 154 content,2023-01-22 05:59:40
155,16,20,Message 155 content,2023-01-22 07:26:35
156,27,51,Message 156 content,2023-01-22 12:14:42
157,63,108,Message 157 content,2023-01-23 23:08:46
158,115,,Message 158 content,2023-01-23 06:23:34
159,27,90,Message 159 content,2023-01-23 04:18:20
160,49,,Message 160 content,2023-01-23 21:16:24
161,112,,Message 161 content,2023-01-23 00:05:37
162,81,151,Message 162 content,2023-01-23 08:36:03
163,103,,Message 163 content,2023-01-23 15:42:08
164,29,,Message 164 content,2023-01-23 13:06:12
165,119,40,Message 165 content,2023-01-24 02:14:41
166,13,,Message 166 content,2023-01-24 10:12:00
167,32,64,Message 167 content,2023-01-24 01:05:17
168,37,,Message 168 content,2023-01-24 17:46:03
169,90,,Message 169 content,2023-01-24 01:16:13
170,37,53,Message 170 content,2023-01-24 10:37:00
171,14,57,Message 171 content,2023-01-24 12:29:47
172,94,169,Message 172 content,2023-01-24 19:08:35
173,92,,Message 173 content,2023-01-24 00:11:32
174,31,,Message 174 content,2023-01-25 04:10:06
175,110,,Message 175 content,2023-01-25 03:31:51
176,89,19,Message 176 content,2023-01-25 05:50:35
177,92,,Message 177 content,2023-01-25 04:18:39
178,64,82,Message 178 content,2023-01-25 10:27:18
179,100,,Message 179 content,2023-01-25 11:53:46
180,103,,Message 180 content,2023-01-26 23:26:04
181,111,134,Message 181 content,2023-01-26 16:16:08
182,134,,Message 182 content,2023-01-26 15:29:22
183,6,110,Message 183 content,2023-01-26 11:35:46
184,9,115,Message 184 content,2023-01-26 04:00:25
185,116,188,Message 185 content,2023-01-27 12:42:16
186,39,,Message 186 content,2023-01-27 06:16:12
187,89,,Message 187 content,2023-01-27 15:13:14
188,18,63,Message 188 content,2023-01-27 23:04:05
189,104,111,Message 189 content,2023-01-27 18:09:14
190,138,,Message 190 content,2023-01-28 13:41:07
191,122,,Message 191 content,2023-01-28 14:36:26
192,131,,Message 192 content,2023-01-28 04:28:19
193,135,,Message 193 content,2023-01-28 12:04:33
194,78,,Message 194 content,2023-01-28 04:24:48
195,105,114,Message 195 content,2023-01-28 21:54:29
196,11,,Message 196 content,2023-01-29 19:08:57
197,131,,Message 197 content,2023-01-29 18:16:54
198,143,,Message 198 content,2023-01-29 15:59:41
199,137,129,Message 199 content,2023-01-29 09:46:28
200,73,44,Message 200 content,2023-01-29 02:03:16
201,37,,Message 201 content,2023-01-29 12:21:12
202,48,,Message 202 content,2023-01-29 15:05:58
203,103,,Message 203 content,2023-01-29 14:25:57
204,94,,Message 204 content,2023-01-29 12:57:19
205,144,128,Message 205 content,2023-01-29 19:56:05
206,46,81,Message 206 content,2023-01-30 21:59:57
207,35,,Message 207 content,2023-01-30 00:16:56
208,47,,Message 208 content,2023-01-30 04:39:34
209,109,101,Message 209 content,2023-01-30 19:37:54
210,22,,Message 210 content,2023-01-30 19:29:32
211,128,19,Message 211 content,2023-01-30 23:28:34
212,27,205,Message 212 content,2023-01-30 14:27:58
213,115,220,Message 213 content,2023-01-31 16:41:16
214,1,64,Message 214 content,2023-01-31 10:57:17
215,122,,Message 215 content,2023-01-31 03:28:18
216,62,,Message 216 content,2023-01-31 04:54:56
217,40,,Message 217 content,2023-01-31 00:43:15
218,120,,Message 218 content,2023-01-31 00:15:49
