user_id,username,registration_date
1,user1,2023-01-01 21:39:26
2,user2,2023-01-01 17:58:05
3,user3,2023-01-01 17:08:46
4,user4,2023-01-01 10:14:36
5,user5,2023-01-01 02:21:29
6,user6,2023-01-02 18:50:36
7,user7,2023-01-02 23:32:18
8,user8,2023-01-02 14:03:41
9,user9,2023-01-02 22:45:26
10,user10,2023-01-02 05:47:45
11,user11,2023-01-02 01:12:34
12,user12,2023-01-02 15:51:27
13,user13,2023-01-03 05:42:59
14,user14,2023-01-03 20:07:39
15,user15,2023-01-03 16:00:08
16,user16,2023-01-03 17:37:28
17,user17,2023-01-03 21:32:35
18,user18,2023-01-03 23:31:11
19,user19,2023-01-03 11:44:55
20,user20,2023-01-03 20:51:24
21,user21,2023-01-03 15:11:27
22,user22,2023-01-04 23:30:45
23,user23,2023-01-04 08:37:47
24,user24,2023-01-04 20:49:26
25,user25,2023-01-04 13:43:00
26,user26,2023-01-04 03:44:07
27,user27,2023-01-04 04:22:39
28,user28,2023-01-05 15:41:36
29,user29,2023-01-05 13:52:16
30,user30,2023-01-05 21:31:25
31,user31,2023-01-05 23:46:51
32,user32,2023-01-05 03:19:39
33,user33,2023-01-05 01:32:29
34,user34,2023-01-06 16:28:07
35,user35,2023-01-06 12:36:23
36,user36,2023-01-06 02:38:45
37,user37,2023-01-06 10:07:31
38,user38,2023-01-06 15:29:37
39,user39,2023-01-06 09:58:28
40,user40,2023-01-06 16:32:11
41,user41,2023-01-06 00:24:04
42,user42,2023-01-07 02:20:30
43,user43,2023-01-07 00:13:02
44,user44,2023-01-07 03:09:51
45,user45,2023-01-07 10:51:26
46,user46,2023-01-07 15:21:17
47,user47,2023-01-08 10:27:39
48,user48,2023-01-08 23:16:37
49,user49,2023-01-08 06:14:31
50,user50,2023-01-08 16:53:54
51,user51,2023-01-08 06:50:14
52,user52,2023-01-09 23:02:51
53,user53,2023-01-09 13:25:40
54,user54,2023-01-09 09:02:31
55,user55,2023-01-09 04:55:29
56,user56,2023-01-09 13:42:11
57,user57,2023-01-09 05:15:24
58,user58,2023-01-09 13:58:30
59,user59,2023-01-09 06:57:02
60,user60,2023-01-09 04:44:16
61,user61,2023-01-10 23:50:48
62,user62,2023-01-10 23:09:22
63,user63,2023-01-10 18:24:27
64,user64,2023-01-10 01:42:29
65,user65,2023-01-10 18:19:26
66,user66,2023-01-11 16:58:57
67,user67,2023-01-11 22:41:04
68,user68,2023-01-11 16:32:23
69,user69,2023-01-11 03:23:34
70,user70,2023-01-11 11:57:57
71,user71,2023-01-11 03:08:32
72,user72,2023-01-12 23:44:45
73,user73,2023-01-12 09:57:43
74,user74,2023-01-12 17:27:06
75,user75,2023-01-12 06:31:36
76,user76,2023-01-12 15:46:19
77,user77,2023-01-12 02:51:24
78,user78,2023-01-13 03:49:49
79,user79,2023-01-13 17:10:44
80,user80,2023-01-13 11:55:40
81,user81,2023-01-13 18:07:17
82,user82,2023-01-13 23:09:19
83,user83,2023-01-13 05:56:31
84,user84,2023-01-13 13:00:40
85,user85,2023-01-13 08:22:58
86,user86,2023-01-13 16:05:34
87,user87,2023-01-14 01:47:12
88,user88,2023-01-14 06:58:31
89,user89,2023-01-14 23:32:33
90,user90,2023-01-14 13:12:28
91,user91,2023-01-14 12:05:13
92,user92,2023-01-14 16:15:42
93,user93,2023-01-14 05:57:12
94,user94,2023-01-14 13:04:24
95,user95,2023-01-14 11:48:15
96,user96,2023-01-14 04:29:01
97,user97,2023-01-15 07:24:01
98,user98,2023-01-15 20:27:16
99,user99,2023-01-15 10:38:56
100,user100,2023-01-15 02:19:15
101,user101,2023-01-15 12:41:25
102,user102,2023-01-15 10:53:27
103,user103,2023-01-15 06:40:25
104,user104,2023-01-15 03:35:53
105,user105,2023-01-16 13:29:00
106,user106,2023-01-16 01:47:46
107,user107,2023-01-16 01:28:20
108,user108,2023-01-16 13:00:32
109,user109,2023-01-16 22:34:30
110,user110,2023-01-16 10:40:47
111,user111,2023-01-16 05:27:04
112,user112,2023-01-16 19:52:03
113,user113,2023-01-16 04:46:02
114,user114,2023-01-17 01:03:43
115,user115,2023-01-17 17:04:12
116,user116,2023-01-17 11:18:08
117,user117,2023-01-17 22:50:40
118,user118,2023-01-17 14:51:44
119,user119,2023-01-17 23:56:51
120,user120,2023-01-18 11:19:47
121,user121,2023-01-18 07:34:38
122,user122,2023-01-18 09:25:53
123,user123,2023-01-18 08:27:53
124,user124,2023-01-18 12:58:35
125,user125,2023-01-19 09:10:32
126,user126,2023-01-19 23:22:56
127,user127,2023-01-19 17:19:39
128,user128,2023-01-19 08:01:00
129,user129,2023-01-19 00:31:05
130,user130,2023-01-19 03:35:38
131,user131,2023-01-19 14:00:24
132,user132,2023-01-19 17:33:21
133,user133,2023-01-19 07:11:45
134,user134,2023-01-20 09:05:53
135,user135,2023-01-20 03:36:19
136,user136,2023-01-20 13:59:28
137,user137,2023-01-20 02:13:27
138,user138,2023-01-20 17:00:29
139,user139,2023-01-21 03:11:35
140,user140,2023-01-21 18:59:51
141,user141,2023-01-21 18:22:46
142,user142,2023-01-21 06:43:00
143,user143,2023-01-21 00:25:11
144,user144,2023-01-21 07:28:05
145,user145,2023-01-21 14:41:43
146,user146,2023-01-21 14:50:11
147,user147,2023-01-21 12:11:32
148,user148,2023-01-22 23:10:17
149,user149,2023-01-22 01:20:40
150,user150,2023-01-22 10:54:14
151,user151,2023-01-22 20:13:54
152,user152,2023-01-22 06:26:01
153,user153,2023-01-22 21:43:51
154,user154,2023-01-22 04:40:57
155,user155,2023-01-22 23:01:55
156,user156,2023-01-22 16:48:42
157,user157,2023-01-22 20:20:06
158,user158,2023-01-23 07:52:41
159,user159,2023-01-23 21:54:13
160,user160,2023-01-23 12:44:18
161,user161,2023-01-23 06:00:22
162,user162,2023-01-23 05:16:20
163,user163,2023-01-23 00:23:54
164,user164,2023-01-24 09:59:40
165,user165,2023-01-24 12:21:35
166,user166,2023-01-24 13:40:52
167,user167,2023-01-24 14:26:44
168,user168,2023-01-24 01:23:10
169,user169,2023-01-24 20:26:16
170,user170,2023-01-24 19:40:32
171,user171,2023-01-24 20:45:36
172,user172,2023-01-24 09:41:59
173,user173,2023-01-25 18:03:42
174,user174,2023-01-25 07:21:56
175,user175,2023-01-25 20:53:42
176,user176,2023-01-25 17:28:47
177,user177,2023-01-25 20:03:12
178,user178,2023-01-25 13:23:59
179,user179,2023-01-25 02:29:09
180,user180,2023-01-25 20:15:37
181,user181,2023-01-25 16:19:03
182,user182,2023-01-26 09:02:29
183,user183,2023-01-26 09:29:22
184,user184,2023-01-26 17:22:24
185,user185,2023-01-26 13:46:58
186,user186,2023-01-26 03:49:22
187,user187,2023-01-26 09:11:39
188,user188,2023-01-26 16:10:58
189,user189,2023-01-26 14:46:08
190,user190,2023-01-26 22:15:41
191,user191,2023-01-26 21:50:48
192,user192,2023-01-27 13:07:42
193,user193,2023-01-27 00:44:36
194,user194,2023-01-27 06:25:34
195,user195,2023-01-27 02:34:06
196,user196,2023-01-27 11:46:51
197,user197,2023-01-27 09:41:02
198,user198,2023-01-27 02:39:27
199,user199,2023-01-27 13:19:31
200,user200,2023-01-27 16:07:15
201,user201,2023-01-28 22:49:04
202,user202,2023-01-28 21:23:15
203,user203,2023-01-28 20:07:25
204,user204,2023-01-28 07:13:58
205,user205,2023-01-28 10:27:01
206,user206,2023-01-28 23:55:55
207,user207,2023-01-29 03:22:25
208,user208,2023-01-29 15:20:28
209,user209,2023-01-29 14:43:52
210,user210,2023-01-29 15:52:58
211,user211,2023-01-29 21:12:37
212,user212,2023-01-29 21:48:12
213,user213,2023-01-29 07:22:55
214,user214,2023-01-29 02:37:56
215,user215,2023-01-29 11:39:46
216,user216,2023-01-30 17:19:45
217,user217,2023-01-30 03:37:52
218,user218,2023-01-30 11:20:34
219,user219,2023-01-30 09:40:28
220,user220,2023-01-30 23:07:44
221,user221,2023-01-30 07:32:38
222,user222,2023-01-30 08:15:23
223,user223,2023-01-30 17:26:09
224,user224,2023-01-30 09:42:21
225,user225,2023-01-30 00:22:41
226,user226,2023-01-31 14:24:35
227,user227,2023-01-31 00:00:36
228,user228,2023-01-31 02:06:52
229,user229,2023-01-31 12:15:38
230,user230,2023-01-31 01:20:22
